organization,ip
海莲花,ip_0
海莲花,ip_1
海莲花,ip_2
海莲花,ip_3
海莲花,ip_4
海莲花,ip_5
海莲花,ip_6
海莲花,ip_7
海莲花,ip_8
海莲花,ip_9
海莲花,ip_10
海莲花,ip_11
海莲花,ip_12
海莲花,ip_13
海莲花,ip_14
海莲花,ip_15
海莲花,ip_16
海莲花,ip_17
海莲花,ip_18
海莲花,ip_19
海莲花,ip_20
海莲花,ip_21
海莲花,ip_22
海莲花,ip_23
海莲花,ip_24
海莲花,ip_25
海莲花,ip_26
海莲花,ip_27
海莲花,ip_28
海莲花,ip_29
海莲花,ip_30
海莲花,ip_31
海莲花,ip_32
海莲花,ip_33
海莲花,ip_34
海莲花,ip_35
海莲花,ip_36
海莲花,ip_37
海莲花,ip_38
海莲花,ip_39
海莲花,ip_40
海莲花,ip_41
海莲花,ip_42
海莲花,ip_43
海莲花,ip_44
海莲花,ip_45
海莲花,ip_46
海莲花,ip_47
海莲花,ip_48
海莲花,ip_49
蔓灵花,ip_50
蔓灵花,ip_51
蔓灵花,ip_52
蔓灵花,ip_53
蔓灵花,ip_54
蔓灵花,ip_55
蔓灵花,ip_56
蔓灵花,ip_57
蔓灵花,ip_58
蔓灵花,ip_59
蔓灵花,ip_60
蔓灵花,ip_61
蔓灵花,ip_62
蔓灵花,ip_63
蔓灵花,ip_64
蔓灵花,ip_65
蔓灵花,ip_66
蔓灵花,ip_67
蔓灵花,ip_68
蔓灵花,ip_69
蔓灵花,ip_70
蔓灵花,ip_71
蔓灵花,ip_72
蔓灵花,ip_73
蔓灵花,ip_74
蔓灵花,ip_75
毒云藤,ip_76
毒云藤,ip_77
毒云藤,ip_78
毒云藤,ip_79
毒云藤,ip_80
毒云藤,ip_81
毒云藤,ip_82
毒云藤,ip_83
毒云藤,ip_84
毒云藤,ip_85
毒云藤,ip_86
毒云藤,ip_87
毒云藤,ip_88
毒云藤,ip_89
毒云藤,ip_90
毒云藤,ip_91
毒云藤,ip_92
毒云藤,ip_93
毒云藤,ip_94
毒云藤,ip_95
毒云藤,ip_96
毒云藤,ip_97
毒云藤,ip_98
毒云藤,ip_99
毒云藤,ip_100
毒云藤,ip_101
毒云藤,ip_102
毒云藤,ip_103
毒云藤,ip_104
毒云藤,ip_105
毒云藤,ip_106
毒云藤,ip_107
毒云藤,ip_108
毒云藤,ip_109
毒云藤,ip_110
毒云藤,ip_111
毒云藤,ip_112
毒云藤,ip_113
毒云藤,ip_114
毒云藤,ip_115
毒云藤,ip_116
毒云藤,ip_117
毒云藤,ip_118
毒云藤,ip_119
毒云藤,ip_120
毒云藤,ip_121
毒云藤,ip_122
毒云藤,ip_123
毒云藤,ip_124
毒云藤,ip_125
响尾蛇,ip_126
响尾蛇,ip_127
响尾蛇,ip_128
响尾蛇,ip_129
响尾蛇,ip_130
响尾蛇,ip_131
响尾蛇,ip_132
响尾蛇,ip_133
响尾蛇,ip_134
响尾蛇,ip_135
响尾蛇,ip_136
响尾蛇,ip_137
响尾蛇,ip_138
响尾蛇,ip_139
响尾蛇,ip_140
响尾蛇,ip_141
响尾蛇,ip_142
响尾蛇,ip_143
响尾蛇,ip_144
响尾蛇,ip_145
响尾蛇,ip_146
响尾蛇,ip_147
响尾蛇,ip_148
响尾蛇,ip_149
响尾蛇,ip_150
响尾蛇,ip_151
响尾蛇,ip_152
响尾蛇,ip_153
响尾蛇,ip_154
响尾蛇,ip_155
响尾蛇,ip_156
响尾蛇,ip_157
响尾蛇,ip_158
响尾蛇,ip_159
响尾蛇,ip_160
响尾蛇,ip_161
响尾蛇,ip_162
响尾蛇,ip_163
响尾蛇,ip_164
响尾蛇,ip_165
响尾蛇,ip_166
响尾蛇,ip_167
响尾蛇,ip_168
响尾蛇,ip_169
响尾蛇,ip_170
响尾蛇,ip_171
响尾蛇,ip_172
响尾蛇,ip_173
响尾蛇,ip_174
响尾蛇,ip_175
Lazarus,ip_176
Lazarus,ip_177
Lazarus,ip_178
Lazarus,ip_179
Lazarus,ip_180
Lazarus,ip_181
Lazarus,ip_182
Lazarus,ip_183
Lazarus,ip_184
Lazarus,ip_185
Lazarus,ip_186
Lazarus,ip_187
Lazarus,ip_188
Lazarus,ip_189
Lazarus,ip_190
Lazarus,ip_191
Lazarus,ip_192
Lazarus,ip_193
Lazarus,ip_194
Lazarus,ip_195
Lazarus,ip_196
Lazarus,ip_197
Lazarus,ip_198
Lazarus,ip_199
Lazarus,ip_200
Lazarus,ip_201
Lazarus,ip_202
Lazarus,ip_203
Lazarus,ip_204
Lazarus,ip_205
Lazarus,ip_206
Lazarus,ip_207
Lazarus,ip_208
Lazarus,ip_209
Lazarus,ip_210
Lazarus,ip_211
Lazarus,ip_212
Lazarus,ip_213
Lazarus,ip_214
Lazarus,ip_215
Lazarus,ip_216
Lazarus,ip_217
Lazarus,ip_218
Lazarus,ip_219
Lazarus,ip_220
Lazarus,ip_221
Lazarus,ip_222
Lazarus,ip_223
Lazarus,ip_224
Lazarus,ip_225
摩诃草,ip_226
摩诃草,ip_227
摩诃草,ip_228
摩诃草,ip_229
摩诃草,ip_230
摩诃草,ip_231
摩诃草,ip_232
摩诃草,ip_233
摩诃草,ip_234
摩诃草,ip_235
摩诃草,ip_236
摩诃草,ip_237
摩诃草,ip_238
摩诃草,ip_239
摩诃草,ip_240
摩诃草,ip_241
摩诃草,ip_242
摩诃草,ip_243
摩诃草,ip_244
摩诃草,ip_245
摩诃草,ip_246
摩诃草,ip_247
摩诃草,ip_248
摩诃草,ip_249
摩诃草,ip_250
摩诃草,ip_251
摩诃草,ip_252
摩诃草,ip_253
摩诃草,ip_254
摩诃草,ip_255
摩诃草,ip_256
摩诃草,ip_257
摩诃草,ip_258
摩诃草,ip_259
摩诃草,ip_260
摩诃草,ip_261
摩诃草,ip_262
摩诃草,ip_263
摩诃草,ip_264
摩诃草,ip_265
摩诃草,ip_266
摩诃草,ip_267
摩诃草,ip_268
摩诃草,ip_269
肚脑虫,ip_270
肚脑虫,ip_271
肚脑虫,ip_272
肚脑虫,ip_273
肚脑虫,ip_274
肚脑虫,ip_275
肚脑虫,ip_276
肚脑虫,ip_277
肚脑虫,ip_278
肚脑虫,ip_279
肚脑虫,ip_280
肚脑虫,ip_281
肚脑虫,ip_282
肚脑虫,ip_283
肚脑虫,ip_284
肚脑虫,ip_285
肚脑虫,ip_286
肚脑虫,ip_287
肚脑虫,ip_288
肚脑虫,ip_289
肚脑虫,ip_290
肚脑虫,ip_291
肚脑虫,ip_292
肚脑虫,ip_293
肚脑虫,ip_294
肚脑虫,ip_295
肚脑虫,ip_296
肚脑虫,ip_297
肚脑虫,ip_298
肚脑虫,ip_299
肚脑虫,ip_300
肚脑虫,ip_301
肚脑虫,ip_302
肚脑虫,ip_303
肚脑虫,ip_304
黑店,ip_305
黑店,ip_306
人面狮,ip_307
人面狮,ip_308
人面狮,ip_309
人面狮,ip_310
人面狮,ip_311
人面狮,ip_312
人面狮,ip_313
人面狮,ip_314
人面狮,ip_315
人面狮,ip_316
人面狮,ip_317
人面狮,ip_318
人面狮,ip_319
人面狮,ip_320
人面狮,ip_321
人面狮,ip_322
人面狮,ip_323
奇幻熊,ip_324
奇幻熊,ip_325
奇幻熊,ip_326
奇幻熊,ip_327
奇幻熊,ip_328
奇幻熊,ip_329
奇幻熊,ip_330
奇幻熊,ip_331
奇幻熊,ip_332
奇幻熊,ip_333
奇幻熊,ip_334
奇幻熊,ip_335
奇幻熊,ip_336
奇幻熊,ip_337
奇幻熊,ip_338
奇幻熊,ip_339
奇幻熊,ip_340
奇幻熊,ip_341
奇幻熊,ip_342
奇幻熊,ip_343
奇幻熊,ip_344
奇幻熊,ip_345
奇幻熊,ip_346
奇幻熊,ip_347
奇幻熊,ip_348
奇幻熊,ip_349
奇幻熊,ip_350
奇幻熊,ip_351
奇幻熊,ip_352
奇幻熊,ip_353
奇幻熊,ip_354
奇幻熊,ip_355
奇幻熊,ip_356
奇幻熊,ip_357
奇幻熊,ip_358
奇幻熊,ip_359
奇幻熊,ip_360
奇幻熊,ip_361
奇幻熊,ip_362
奇幻熊,ip_363
蓝宝菇,ip_364
蓝宝菇,ip_365
APT37,ip_366
魔罗桫,ip_367
魔罗桫,ip_368
魔罗桫,ip_369
魔罗桫,ip_370
魔罗桫,ip_371
魔罗桫,ip_372
魔罗桫,ip_373
魔罗桫,ip_374
魔罗桫,ip_375
魔罗桫,ip_376
CozyBear,ip_377
CozyBear,ip_378
CozyBear,ip_379
CozyBear,ip_380
CozyBear,ip_381
CozyBear,ip_382
CozyBear,ip_383
CozyBear,ip_384
CozyBear,ip_385
CozyBear,ip_386
CozyBear,ip_387
CozyBear,ip_388
CozyBear,ip_389
CozyBear,ip_390
CozyBear,ip_391
CozyBear,ip_392
CozyBear,ip_393
CozyBear,ip_394
CozyBear,ip_395
CozyBear,ip_396
CozyBear,ip_397
CozyBear,ip_398
CozyBear,ip_399
CozyBear,ip_400
CozyBear,ip_401
CozyBear,ip_402
CozyBear,ip_403
CozyBear,ip_404
CozyBear,ip_405
CozyBear,ip_406
CozyBear,ip_407
CozyBear,ip_408
CozyBear,ip_409
CozyBear,ip_410
CozyBear,ip_411
CozyBear,ip_412
CozyBear,ip_413
CozyBear,ip_414
CozyBear,ip_415
CozyBear,ip_416
CozyBear,ip_417
CozyBear,ip_418
CozyBear,ip_419
CozyBear,ip_420
CozyBear,ip_421
CozyBear,ip_422
CozyBear,ip_423
CozyBear,ip_424
CozyBear,ip_425
CozyBear,ip_426
Turla,ip_427
Turla,ip_428
Turla,ip_429
Turla,ip_430
Turla,ip_431
Turla,ip_432
Turla,ip_433
Turla,ip_434
Turla,ip_435
Turla,ip_436
Turla,ip_437
Turla,ip_438
Turla,ip_439
拍拍熊,ip_440
拍拍熊,ip_441
黄金鼠,ip_442
黄金鼠,ip_443
黄金鼠,ip_444
黄金鼠,ip_445
黄金鼠,ip_446
OilRig,ip_447
OilRig,ip_448
OilRig,ip_449
OilRig,ip_450
OilRig,ip_451
OilRig,ip_452
OilRig,ip_453
OilRig,ip_454
OilRig,ip_455
OilRig,ip_456
OilRig,ip_457
OilRig,ip_458
MuddyWater,ip_459
MuddyWater,ip_460
MuddyWater,ip_461
MuddyWater,ip_462
MuddyWater,ip_463
MuddyWater,ip_464
MuddyWater,ip_465
MuddyWater,ip_466
MuddyWater,ip_467
MuddyWater,ip_468
MuddyWater,ip_469
MuddyWater,ip_470
MuddyWater,ip_471
MuddyWater,ip_472
MuddyWater,ip_473
MuddyWater,ip_474
MuddyWater,ip_475
MuddyWater,ip_476
MuddyWater,ip_477
MuddyWater,ip_478
MuddyWater,ip_479
MuddyWater,ip_480
MuddyWater,ip_481
MuddyWater,ip_482
MuddyWater,ip_483
MuddyWater,ip_484
MuddyWater,ip_485
MuddyWater,ip_486
MuddyWater,ip_487
MuddyWater,ip_488
MuddyWater,ip_489
MuddyWater,ip_490
MuddyWater,ip_491
MuddyWater,ip_492
MuddyWater,ip_493
MuddyWater,ip_494
MuddyWater,ip_495
MuddyWater,ip_496
MuddyWater,ip_497
MuddyWater,ip_498
MuddyWater,ip_499
MuddyWater,ip_500
MuddyWater,ip_501
MuddyWater,ip_502
MuddyWater,ip_503
MuddyWater,ip_504
MuddyWater,ip_505
MuddyWater,ip_506
MuddyWater,ip_507
APT35,ip_508
APT35,ip_509
APT35,ip_510
APT35,ip_511
APT35,ip_512
APT35,ip_513
APT35,ip_514
APT35,ip_515
APT35,ip_516
APT35,ip_517
APT35,ip_518
APT35,ip_519
APT35,ip_520
APT35,ip_521
APT35,ip_522
APT35,ip_523
APT35,ip_524
APT35,ip_525
APT35,ip_526
APT35,ip_527
APT35,ip_528
APT35,ip_529
APT35,ip_530
APT35,ip_531
APT35,ip_532
APT35,ip_533
APT35,ip_534
APT35,ip_535
APT35,ip_536
APT35,ip_537
APT35,ip_538
APT35,ip_539
APT35,ip_540
APT35,ip_541
APT35,ip_542
APT35,ip_543
APT35,ip_544
APT35,ip_545
APT35,ip_546
APT38,ip_547
APT38,ip_548
APT38,ip_549
APT38,ip_550
APT38,ip_551
APT38,ip_552
APT38,ip_553
APT38,ip_554
APT38,ip_555
APT38,ip_556
APT38,ip_557
APT38,ip_558
APT38,ip_559
Kimsuky,ip_560
Kimsuky,ip_561
Kimsuky,ip_562
Kimsuky,ip_563
Kimsuky,ip_564
Kimsuky,ip_565
Kimsuky,ip_566
Kimsuky,ip_567
Kimsuky,ip_568
Kimsuky,ip_569
Kimsuky,ip_570
Kimsuky,ip_571
Kimsuky,ip_572
Kimsuky,ip_573
Kimsuky,ip_574
Kimsuky,ip_575
Kimsuky,ip_576
Kimsuky,ip_577
Kimsuky,ip_578
Kimsuky,ip_579
Kimsuky,ip_580
Kimsuky,ip_581
Kimsuky,ip_582
Kimsuky,ip_583
Kimsuky,ip_584
Kimsuky,ip_585
Kimsuky,ip_586
Kimsuky,ip_587
Kimsuky,ip_588
Kimsuky,ip_589
Kimsuky,ip_590
Kimsuky,ip_591
Kimsuky,ip_592
Kimsuky,ip_593
Kimsuky,ip_594
Kimsuky,ip_595
Kimsuky,ip_596
FIN7,ip_597
FIN7,ip_598
FIN7,ip_599
FIN7,ip_600
FIN7,ip_601
FIN7,ip_602
FIN7,ip_603
FIN7,ip_604
FIN7,ip_605
FIN7,ip_606
FIN7,ip_607
FIN7,ip_608
FIN7,ip_609
FIN7,ip_610
FIN7,ip_611
FIN7,ip_612
FIN7,ip_613
FIN7,ip_614
FIN7,ip_615
FIN7,ip_616
FIN7,ip_617
FIN7,ip_618
FIN7,ip_619
FIN7,ip_620
FIN7,ip_621
FIN7,ip_622
FIN7,ip_623
FIN7,ip_624
FIN7,ip_625
FIN7,ip_626
FIN7,ip_627
FIN7,ip_628
FIN7,ip_629
FIN7,ip_630
FIN7,ip_631
FIN7,ip_632
FIN7,ip_633
FIN7,ip_634
FIN7,ip_635
FIN7,ip_636
FIN7,ip_637
FIN7,ip_638
FIN7,ip_639
FIN7,ip_640
FIN7,ip_641
FIN7,ip_642
FIN7,ip_643
FIN7,ip_644
FIN7,ip_645
FIN7,ip_646
双尾蝎,ip_647
双尾蝎,ip_648
盲眼鹰,ip_649
盲眼鹰,ip_650
盲眼鹰,ip_651
盲眼鹰,ip_652
盲眼鹰,ip_653
盲眼鹰,ip_654
盲眼鹰,ip_655
盲眼鹰,ip_656
盲眼鹰,ip_657
盲眼鹰,ip_658
盲眼鹰,ip_659
盲眼鹰,ip_660