organization,sha256
海莲花,sha256_0
海莲花,sha256_1
海莲花,sha256_2
海莲花,sha256_3
海莲花,sha256_4
海莲花,sha256_5
海莲花,sha256_6
海莲花,sha256_7
海莲花,sha256_8
海莲花,sha256_9
海莲花,sha256_10
海莲花,sha256_11
海莲花,sha256_12
海莲花,sha256_13
海莲花,sha256_14
海莲花,sha256_15
海莲花,sha256_16
海莲花,sha256_17
海莲花,sha256_18
海莲花,sha256_19
海莲花,sha256_20
海莲花,sha256_21
海莲花,sha256_22
海莲花,sha256_23
海莲花,sha256_24
海莲花,sha256_25
海莲花,sha256_26
海莲花,sha256_27
海莲花,sha256_28
海莲花,sha256_29
海莲花,sha256_30
海莲花,sha256_31
海莲花,sha256_32
海莲花,sha256_33
海莲花,sha256_34
海莲花,sha256_35
海莲花,sha256_36
海莲花,sha256_37
海莲花,sha256_38
海莲花,sha256_39
海莲花,sha256_40
海莲花,sha256_41
海莲花,sha256_42
海莲花,sha256_43
海莲花,sha256_44
海莲花,sha256_45
海莲花,sha256_46
海莲花,sha256_47
海莲花,sha256_48
海莲花,sha256_49
蔓灵花,sha256_50
蔓灵花,sha256_51
蔓灵花,sha256_52
蔓灵花,sha256_53
蔓灵花,sha256_54
蔓灵花,sha256_55
蔓灵花,sha256_56
蔓灵花,sha256_57
蔓灵花,sha256_58
蔓灵花,sha256_59
蔓灵花,sha256_60
蔓灵花,sha256_61
蔓灵花,sha256_62
蔓灵花,sha256_63
蔓灵花,sha256_64
蔓灵花,sha256_65
蔓灵花,sha256_66
蔓灵花,sha256_67
蔓灵花,sha256_68
蔓灵花,sha256_69
蔓灵花,sha256_70
蔓灵花,sha256_71
蔓灵花,sha256_72
蔓灵花,sha256_73
蔓灵花,sha256_74
蔓灵花,sha256_75
蔓灵花,sha256_76
蔓灵花,sha256_77
蔓灵花,sha256_78
蔓灵花,sha256_79
蔓灵花,sha256_80
蔓灵花,sha256_81
蔓灵花,sha256_82
蔓灵花,sha256_83
蔓灵花,sha256_84
蔓灵花,sha256_85
蔓灵花,sha256_86
蔓灵花,sha256_87
蔓灵花,sha256_88
蔓灵花,sha256_89
蔓灵花,sha256_90
蔓灵花,sha256_91
蔓灵花,sha256_92
蔓灵花,sha256_93
蔓灵花,sha256_94
蔓灵花,sha256_95
蔓灵花,sha256_96
蔓灵花,sha256_97
蔓灵花,sha256_98
蔓灵花,sha256_99
毒云藤,sha256_100
毒云藤,sha256_101
毒云藤,sha256_102
毒云藤,sha256_103
毒云藤,sha256_104
毒云藤,sha256_105
毒云藤,sha256_106
毒云藤,sha256_107
毒云藤,sha256_108
毒云藤,sha256_109
毒云藤,sha256_110
毒云藤,sha256_111
毒云藤,sha256_112
毒云藤,sha256_113
毒云藤,sha256_114
毒云藤,sha256_115
毒云藤,sha256_116
毒云藤,sha256_117
毒云藤,sha256_118
毒云藤,sha256_119
毒云藤,sha256_120
毒云藤,sha256_121
毒云藤,sha256_122
毒云藤,sha256_123
毒云藤,sha256_124
毒云藤,sha256_125
毒云藤,sha256_126
毒云藤,sha256_127
毒云藤,sha256_128
毒云藤,sha256_129
毒云藤,sha256_130
毒云藤,sha256_131
毒云藤,sha256_132
毒云藤,sha256_133
毒云藤,sha256_134
毒云藤,sha256_135
毒云藤,sha256_136
毒云藤,sha256_137
毒云藤,sha256_138
毒云藤,sha256_139
毒云藤,sha256_140
毒云藤,sha256_141
毒云藤,sha256_142
毒云藤,sha256_143
毒云藤,sha256_144
毒云藤,sha256_145
毒云藤,sha256_146
毒云藤,sha256_147
毒云藤,sha256_148
毒云藤,sha256_149
响尾蛇,sha256_150
响尾蛇,sha256_151
响尾蛇,sha256_152
响尾蛇,sha256_153
响尾蛇,sha256_154
响尾蛇,sha256_155
响尾蛇,sha256_156
响尾蛇,sha256_157
响尾蛇,sha256_158
响尾蛇,sha256_159
响尾蛇,sha256_160
响尾蛇,sha256_161
响尾蛇,sha256_162
响尾蛇,sha256_163
响尾蛇,sha256_164
响尾蛇,sha256_165
响尾蛇,sha256_166
响尾蛇,sha256_167
响尾蛇,sha256_168
响尾蛇,sha256_169
响尾蛇,sha256_170
响尾蛇,sha256_171
响尾蛇,sha256_172
响尾蛇,sha256_173
响尾蛇,sha256_174
响尾蛇,sha256_175
响尾蛇,sha256_176
响尾蛇,sha256_177
响尾蛇,sha256_178
响尾蛇,sha256_179
响尾蛇,sha256_180
响尾蛇,sha256_181
响尾蛇,sha256_182
响尾蛇,sha256_183
响尾蛇,sha256_184
响尾蛇,sha256_185
响尾蛇,sha256_186
响尾蛇,sha256_187
响尾蛇,sha256_188
响尾蛇,sha256_189
响尾蛇,sha256_190
响尾蛇,sha256_191
响尾蛇,sha256_192
响尾蛇,sha256_193
响尾蛇,sha256_194
响尾蛇,sha256_195
响尾蛇,sha256_196
响尾蛇,sha256_197
响尾蛇,sha256_198
响尾蛇,sha256_199
Lazarus,sha256_200
Lazarus,sha256_201
Lazarus,sha256_202
Lazarus,sha256_203
Lazarus,sha256_204
Lazarus,sha256_205
Lazarus,sha256_206
Lazarus,sha256_207
Lazarus,sha256_208
Lazarus,sha256_209
Lazarus,sha256_210
Lazarus,sha256_211
Lazarus,sha256_212
Lazarus,sha256_213
Lazarus,sha256_214
Lazarus,sha256_215
Lazarus,sha256_216
Lazarus,sha256_217
Lazarus,sha256_218
Lazarus,sha256_219
Lazarus,sha256_220
Lazarus,sha256_221
Lazarus,sha256_222
Lazarus,sha256_223
Lazarus,sha256_224
Lazarus,sha256_225
Lazarus,sha256_226
Lazarus,sha256_227
Lazarus,sha256_228
Lazarus,sha256_229
Lazarus,sha256_230
Lazarus,sha256_231
Lazarus,sha256_232
Lazarus,sha256_233
Lazarus,sha256_234
Lazarus,sha256_235
Lazarus,sha256_236
Lazarus,sha256_237
Lazarus,sha256_238
Lazarus,sha256_239
Lazarus,sha256_240
Lazarus,sha256_241
Lazarus,sha256_242
Lazarus,sha256_243
Lazarus,sha256_244
Lazarus,sha256_245
Lazarus,sha256_246
Lazarus,sha256_247
Lazarus,sha256_248
Lazarus,sha256_249
摩诃草,sha256_250
摩诃草,sha256_251
摩诃草,sha256_252
摩诃草,sha256_253
摩诃草,sha256_254
摩诃草,sha256_255
摩诃草,sha256_256
摩诃草,sha256_257
摩诃草,sha256_258
摩诃草,sha256_259
摩诃草,sha256_260
摩诃草,sha256_261
摩诃草,sha256_262
摩诃草,sha256_263
摩诃草,sha256_264
摩诃草,sha256_265
摩诃草,sha256_266
摩诃草,sha256_267
摩诃草,sha256_268
摩诃草,sha256_269
摩诃草,sha256_270
摩诃草,sha256_271
摩诃草,sha256_272
摩诃草,sha256_273
摩诃草,sha256_274
摩诃草,sha256_275
摩诃草,sha256_276
摩诃草,sha256_277
摩诃草,sha256_278
摩诃草,sha256_279
摩诃草,sha256_280
摩诃草,sha256_281
摩诃草,sha256_282
摩诃草,sha256_283
摩诃草,sha256_284
摩诃草,sha256_285
摩诃草,sha256_286
摩诃草,sha256_287
摩诃草,sha256_288
摩诃草,sha256_289
摩诃草,sha256_290
摩诃草,sha256_291
摩诃草,sha256_292
摩诃草,sha256_293
摩诃草,sha256_294
摩诃草,sha256_295
摩诃草,sha256_296
摩诃草,sha256_297
摩诃草,sha256_298
摩诃草,sha256_299
肚脑虫,sha256_300
肚脑虫,sha256_301
肚脑虫,sha256_302
肚脑虫,sha256_303
肚脑虫,sha256_304
肚脑虫,sha256_305
肚脑虫,sha256_306
肚脑虫,sha256_307
肚脑虫,sha256_308
肚脑虫,sha256_309
肚脑虫,sha256_310
肚脑虫,sha256_311
肚脑虫,sha256_312
肚脑虫,sha256_313
肚脑虫,sha256_314
肚脑虫,sha256_315
肚脑虫,sha256_316
肚脑虫,sha256_317
肚脑虫,sha256_318
肚脑虫,sha256_319
肚脑虫,sha256_320
肚脑虫,sha256_321
肚脑虫,sha256_322
肚脑虫,sha256_323
肚脑虫,sha256_324
肚脑虫,sha256_325
肚脑虫,sha256_326
肚脑虫,sha256_327
肚脑虫,sha256_328
肚脑虫,sha256_329
肚脑虫,sha256_330
肚脑虫,sha256_331
肚脑虫,sha256_332
肚脑虫,sha256_333
肚脑虫,sha256_334
肚脑虫,sha256_335
肚脑虫,sha256_336
肚脑虫,sha256_337
肚脑虫,sha256_338
肚脑虫,sha256_339
肚脑虫,sha256_340
肚脑虫,sha256_341
肚脑虫,sha256_342
肚脑虫,sha256_343
肚脑虫,sha256_344
肚脑虫,sha256_345
肚脑虫,sha256_346
肚脑虫,sha256_347
肚脑虫,sha256_348
肚脑虫,sha256_349
黑店,sha256_350
黑店,sha256_351
黑店,sha256_352
黑店,sha256_353
黑店,sha256_354
黑店,sha256_355
黑店,sha256_356
黑店,sha256_357
黑店,sha256_358
黑店,sha256_359
黑店,sha256_360
黑店,sha256_361
黑店,sha256_362
黑店,sha256_363
黑店,sha256_364
黑店,sha256_365
黑店,sha256_366
黑店,sha256_367
黑店,sha256_368
黑店,sha256_369
黑店,sha256_370
黑店,sha256_371
黑店,sha256_372
黑店,sha256_373
黑店,sha256_374
黑店,sha256_375
黑店,sha256_376
黑店,sha256_377
黑店,sha256_378
黑店,sha256_379
黑店,sha256_380
黑店,sha256_381
黑店,sha256_382
黑店,sha256_383
黑店,sha256_384
黑店,sha256_385
黑店,sha256_386
黑店,sha256_387
黑店,sha256_388
黑店,sha256_389
黑店,sha256_390
黑店,sha256_391
黑店,sha256_392
黑店,sha256_393
黑店,sha256_394
黑店,sha256_395
黑店,sha256_396
黑店,sha256_397
黑店,sha256_398
黑店,sha256_399
人面狮,sha256_400
人面狮,sha256_401
人面狮,sha256_402
人面狮,sha256_403
人面狮,sha256_404
人面狮,sha256_405
人面狮,sha256_406
人面狮,sha256_407
人面狮,sha256_408
人面狮,sha256_409
黑格莎,sha256_410
黑格莎,sha256_411
黑格莎,sha256_412
黑格莎,sha256_413
黑格莎,sha256_414
黑格莎,sha256_415
黑格莎,sha256_416
黑格莎,sha256_417
黑格莎,sha256_418
黑格莎,sha256_419
黑格莎,sha256_420
黑格莎,sha256_421
黑格莎,sha256_422
黑格莎,sha256_423
黑格莎,sha256_424
黑格莎,sha256_425
黑格莎,sha256_426
黑格莎,sha256_427
索伦之眼,sha256_428
索伦之眼,sha256_429
索伦之眼,sha256_430
索伦之眼,sha256_431
索伦之眼,sha256_432
索伦之眼,sha256_433
索伦之眼,sha256_434
索伦之眼,sha256_435
索伦之眼,sha256_436
索伦之眼,sha256_437
索伦之眼,sha256_438
索伦之眼,sha256_439
索伦之眼,sha256_440
索伦之眼,sha256_441
索伦之眼,sha256_442
索伦之眼,sha256_443
索伦之眼,sha256_444
索伦之眼,sha256_445
索伦之眼,sha256_446
索伦之眼,sha256_447
索伦之眼,sha256_448
索伦之眼,sha256_449
索伦之眼,sha256_450
索伦之眼,sha256_451
索伦之眼,sha256_452
索伦之眼,sha256_453
索伦之眼,sha256_454
索伦之眼,sha256_455
索伦之眼,sha256_456
索伦之眼,sha256_457
索伦之眼,sha256_458
索伦之眼,sha256_459
索伦之眼,sha256_460
索伦之眼,sha256_461
索伦之眼,sha256_462
索伦之眼,sha256_463
索伦之眼,sha256_464
索伦之眼,sha256_465
索伦之眼,sha256_466
索伦之眼,sha256_467
索伦之眼,sha256_468
索伦之眼,sha256_469
奇幻熊,sha256_470
奇幻熊,sha256_471
奇幻熊,sha256_472
奇幻熊,sha256_473
奇幻熊,sha256_474
奇幻熊,sha256_475
奇幻熊,sha256_476
奇幻熊,sha256_477
奇幻熊,sha256_478
奇幻熊,sha256_479
奇幻熊,sha256_480
奇幻熊,sha256_481
奇幻熊,sha256_482
奇幻熊,sha256_483
奇幻熊,sha256_484
奇幻熊,sha256_485
奇幻熊,sha256_486
奇幻熊,sha256_487
奇幻熊,sha256_488
奇幻熊,sha256_489
奇幻熊,sha256_490
奇幻熊,sha256_491
奇幻熊,sha256_492
奇幻熊,sha256_493
奇幻熊,sha256_494
奇幻熊,sha256_495
奇幻熊,sha256_496
奇幻熊,sha256_497
奇幻熊,sha256_498
奇幻熊,sha256_499
奇幻熊,sha256_500
奇幻熊,sha256_501
奇幻熊,sha256_502
奇幻熊,sha256_503
奇幻熊,sha256_504
奇幻熊,sha256_505
奇幻熊,sha256_506
奇幻熊,sha256_507
奇幻熊,sha256_508
奇幻熊,sha256_509
奇幻熊,sha256_510
奇幻熊,sha256_511
奇幻熊,sha256_512
奇幻熊,sha256_513
奇幻熊,sha256_514
奇幻熊,sha256_515
奇幻熊,sha256_516
奇幻熊,sha256_517
奇幻熊,sha256_518
蓝宝菇,sha256_519
蓝宝菇,sha256_520
蓝宝菇,sha256_521
蓝宝菇,sha256_522
蓝宝菇,sha256_523
蓝宝菇,sha256_524
蓝宝菇,sha256_525
蓝宝菇,sha256_526
蓝宝菇,sha256_527
蓝宝菇,sha256_528
蓝宝菇,sha256_529
蓝宝菇,sha256_530
蓝宝菇,sha256_531
蓝宝菇,sha256_532
蓝宝菇,sha256_533
APT37,sha256_534
APT37,sha256_535
APT37,sha256_536
APT37,sha256_537
APT37,sha256_538
APT37,sha256_539
APT37,sha256_540
APT37,sha256_541
APT37,sha256_542
APT37,sha256_543
APT37,sha256_544
APT37,sha256_545
APT37,sha256_546
APT37,sha256_547
APT37,sha256_548
APT37,sha256_549
APT37,sha256_550
APT37,sha256_551
APT37,sha256_552
APT37,sha256_553
APT37,sha256_554
APT37,sha256_555
APT37,sha256_556
APT37,sha256_557
APT37,sha256_558
APT37,sha256_559
APT37,sha256_560
APT37,sha256_561
APT37,sha256_562
APT37,sha256_563
APT37,sha256_564
APT37,sha256_565
APT37,sha256_566
APT37,sha256_567
APT37,sha256_568
APT37,sha256_569
APT37,sha256_570
APT37,sha256_571
APT37,sha256_572
APT37,sha256_573
APT37,sha256_574
APT37,sha256_575
APT37,sha256_576
APT37,sha256_577
APT37,sha256_578
APT37,sha256_579
APT37,sha256_580
APT37,sha256_581
APT37,sha256_582
APT37,sha256_583
方程式,sha256_584
方程式,sha256_585
方程式,sha256_586
方程式,sha256_587
方程式,sha256_588
方程式,sha256_589
方程式,sha256_590
方程式,sha256_591
方程式,sha256_592
方程式,sha256_593
方程式,sha256_594
方程式,sha256_595
方程式,sha256_596
方程式,sha256_597
方程式,sha256_598
方程式,sha256_599
方程式,sha256_600
方程式,sha256_601
方程式,sha256_602
方程式,sha256_603
方程式,sha256_604
方程式,sha256_605
方程式,sha256_606
方程式,sha256_607
方程式,sha256_608
方程式,sha256_609
方程式,sha256_610
方程式,sha256_611
方程式,sha256_612
方程式,sha256_613
方程式,sha256_614
方程式,sha256_615
方程式,sha256_616
方程式,sha256_617
方程式,sha256_618
方程式,sha256_619
方程式,sha256_620
方程式,sha256_621
方程式,sha256_622
方程式,sha256_623
方程式,sha256_624
方程式,sha256_625
方程式,sha256_626
方程式,sha256_627
方程式,sha256_628
方程式,sha256_629
方程式,sha256_630
方程式,sha256_631
方程式,sha256_632
方程式,sha256_633
魔罗桫,sha256_634
魔罗桫,sha256_635
魔罗桫,sha256_636
魔罗桫,sha256_637
魔罗桫,sha256_638
魔罗桫,sha256_639
魔罗桫,sha256_640
魔罗桫,sha256_641
魔罗桫,sha256_642
魔罗桫,sha256_643
魔罗桫,sha256_644
魔罗桫,sha256_645
魔罗桫,sha256_646
魔罗桫,sha256_647
魔罗桫,sha256_648
魔罗桫,sha256_649
魔罗桫,sha256_650
魔罗桫,sha256_651
魔罗桫,sha256_652
魔罗桫,sha256_653
魔罗桫,sha256_654
魔罗桫,sha256_655
魔罗桫,sha256_656
魔罗桫,sha256_657
魔罗桫,sha256_658
魔罗桫,sha256_659
魔罗桫,sha256_660
魔罗桫,sha256_661
魔罗桫,sha256_662
魔罗桫,sha256_663
魔罗桫,sha256_664
魔罗桫,sha256_665
魔罗桫,sha256_666
魔罗桫,sha256_667
魔罗桫,sha256_668
魔罗桫,sha256_669
魔罗桫,sha256_670
魔罗桫,sha256_671
魔罗桫,sha256_672
魔罗桫,sha256_673
魔罗桫,sha256_674
魔罗桫,sha256_675
魔罗桫,sha256_676
魔罗桫,sha256_677
魔罗桫,sha256_678
魔罗桫,sha256_679
魔罗桫,sha256_680
魔罗桫,sha256_681
魔罗桫,sha256_682
魔罗桫,sha256_683
Longhorn,sha256_684
Longhorn,sha256_685
Longhorn,sha256_686
Longhorn,sha256_687
Longhorn,sha256_688
Longhorn,sha256_689
Longhorn,sha256_690
Longhorn,sha256_691
Longhorn,sha256_692
Longhorn,sha256_693
Longhorn,sha256_694
Longhorn,sha256_695
Longhorn,sha256_696
Longhorn,sha256_697
Longhorn,sha256_698
Longhorn,sha256_699
Longhorn,sha256_700
Longhorn,sha256_701
Longhorn,sha256_702
Longhorn,sha256_703
Longhorn,sha256_704
Longhorn,sha256_705
Longhorn,sha256_706
Longhorn,sha256_707
Longhorn,sha256_708
Longhorn,sha256_709
Longhorn,sha256_710
Longhorn,sha256_711
Longhorn,sha256_712
Longhorn,sha256_713
Longhorn,sha256_714
Longhorn,sha256_715
Longhorn,sha256_716
Longhorn,sha256_717
Longhorn,sha256_718
Longhorn,sha256_719
Longhorn,sha256_720
Longhorn,sha256_721
Longhorn,sha256_722
Longhorn,sha256_723
Longhorn,sha256_724
Longhorn,sha256_725
Longhorn,sha256_726
Longhorn,sha256_727
Longhorn,sha256_728
Longhorn,sha256_729
Longhorn,sha256_730
Longhorn,sha256_731
Longhorn,sha256_732
Longhorn,sha256_733
CozyBear,sha256_734
CozyBear,sha256_735
CozyBear,sha256_736
CozyBear,sha256_737
CozyBear,sha256_738
CozyBear,sha256_739
CozyBear,sha256_740
CozyBear,sha256_741
CozyBear,sha256_742
CozyBear,sha256_743
CozyBear,sha256_744
CozyBear,sha256_745
CozyBear,sha256_746
CozyBear,sha256_747
CozyBear,sha256_748
CozyBear,sha256_749
CozyBear,sha256_750
CozyBear,sha256_751
CozyBear,sha256_752
CozyBear,sha256_753
CozyBear,sha256_754
CozyBear,sha256_755
CozyBear,sha256_756
CozyBear,sha256_757
CozyBear,sha256_758
CozyBear,sha256_759
CozyBear,sha256_760
CozyBear,sha256_761
CozyBear,sha256_762
CozyBear,sha256_763
CozyBear,sha256_764
CozyBear,sha256_765
CozyBear,sha256_766
CozyBear,sha256_767
CozyBear,sha256_768
CozyBear,sha256_769
CozyBear,sha256_770
CozyBear,sha256_771
CozyBear,sha256_772
CozyBear,sha256_773
CozyBear,sha256_774
CozyBear,sha256_775
CozyBear,sha256_776
CozyBear,sha256_777
CozyBear,sha256_778
CozyBear,sha256_779
CozyBear,sha256_780
CozyBear,sha256_781
CozyBear,sha256_782
CozyBear,sha256_783
Turla,sha256_784
Turla,sha256_785
Turla,sha256_786
Turla,sha256_787
Turla,sha256_788
Turla,sha256_789
Turla,sha256_790
Turla,sha256_791
Turla,sha256_792
Turla,sha256_793
Turla,sha256_794
Turla,sha256_795
Turla,sha256_796
Turla,sha256_797
Turla,sha256_798
Turla,sha256_799
Turla,sha256_800
Turla,sha256_801
Turla,sha256_802
Turla,sha256_803
Turla,sha256_804
Turla,sha256_805
Turla,sha256_806
Turla,sha256_807
Turla,sha256_808
Turla,sha256_809
Turla,sha256_810
Turla,sha256_811
Turla,sha256_812
Turla,sha256_813
Turla,sha256_814
Turla,sha256_815
Turla,sha256_816
Turla,sha256_817
Turla,sha256_818
Turla,sha256_819
Turla,sha256_820
Turla,sha256_821
Turla,sha256_822
Turla,sha256_823
Turla,sha256_824
Turla,sha256_825
Turla,sha256_826
Turla,sha256_827
Turla,sha256_828
Turla,sha256_829
Turla,sha256_830
Turla,sha256_831
Turla,sha256_832
Turla,sha256_833
拍拍熊,sha256_834
拍拍熊,sha256_835
拍拍熊,sha256_836
拍拍熊,sha256_837
拍拍熊,sha256_838
拍拍熊,sha256_839
拍拍熊,sha256_840
拍拍熊,sha256_841
拍拍熊,sha256_842
拍拍熊,sha256_843
拍拍熊,sha256_844
拍拍熊,sha256_845
拍拍熊,sha256_846
拍拍熊,sha256_847
拍拍熊,sha256_848
拍拍熊,sha256_849
拍拍熊,sha256_850
拍拍熊,sha256_851
拍拍熊,sha256_852
拍拍熊,sha256_853
拍拍熊,sha256_854
拍拍熊,sha256_855
拍拍熊,sha256_856
拍拍熊,sha256_857
拍拍熊,sha256_858
拍拍熊,sha256_859
拍拍熊,sha256_860
拍拍熊,sha256_861
拍拍熊,sha256_862
拍拍熊,sha256_863
拍拍熊,sha256_864
拍拍熊,sha256_865
拍拍熊,sha256_866
拍拍熊,sha256_867
拍拍熊,sha256_868
拍拍熊,sha256_869
拍拍熊,sha256_870
拍拍熊,sha256_871
拍拍熊,sha256_872
拍拍熊,sha256_873
拍拍熊,sha256_874
拍拍熊,sha256_875
拍拍熊,sha256_876
拍拍熊,sha256_877
拍拍熊,sha256_878
拍拍熊,sha256_879
拍拍熊,sha256_880
拍拍熊,sha256_881
拍拍熊,sha256_882
拍拍熊,sha256_883
黄金鼠,sha256_884
黄金鼠,sha256_885
黄金鼠,sha256_886
黄金鼠,sha256_887
黄金鼠,sha256_888
黄金鼠,sha256_889
黄金鼠,sha256_890
黄金鼠,sha256_891
黄金鼠,sha256_892
黄金鼠,sha256_893
黄金鼠,sha256_894
黄金鼠,sha256_895
黄金鼠,sha256_896
黄金鼠,sha256_897
黄金鼠,sha256_898
黄金鼠,sha256_899
黄金鼠,sha256_900
黄金鼠,sha256_901
黄金鼠,sha256_902
黄金鼠,sha256_903
黄金鼠,sha256_904
黄金鼠,sha256_905
黄金鼠,sha256_906
黄金鼠,sha256_907
黄金鼠,sha256_908
黄金鼠,sha256_909
黄金鼠,sha256_910
黄金鼠,sha256_911
黄金鼠,sha256_912
黄金鼠,sha256_913
黄金鼠,sha256_914
黄金鼠,sha256_915
黄金鼠,sha256_916
黄金鼠,sha256_917
黄金鼠,sha256_918
黄金鼠,sha256_919
黄金鼠,sha256_920
黄金鼠,sha256_921
黄金鼠,sha256_922
黄金鼠,sha256_923
黄金鼠,sha256_924
黄金鼠,sha256_925
黄金鼠,sha256_926
黄金鼠,sha256_927
黄金鼠,sha256_928
黄金鼠,sha256_929
黄金鼠,sha256_930
黄金鼠,sha256_931
黄金鼠,sha256_932
黄金鼠,sha256_933
军刀狮,sha256_934
军刀狮,sha256_935
军刀狮,sha256_936
军刀狮,sha256_937
军刀狮,sha256_938
军刀狮,sha256_939
军刀狮,sha256_940
军刀狮,sha256_941
军刀狮,sha256_942
军刀狮,sha256_943
军刀狮,sha256_944
军刀狮,sha256_945
军刀狮,sha256_946
军刀狮,sha256_947
军刀狮,sha256_948
军刀狮,sha256_949
军刀狮,sha256_950
军刀狮,sha256_951
军刀狮,sha256_952
军刀狮,sha256_953
军刀狮,sha256_954
军刀狮,sha256_955
军刀狮,sha256_956
军刀狮,sha256_957
军刀狮,sha256_958
军刀狮,sha256_959
军刀狮,sha256_960
军刀狮,sha256_961
军刀狮,sha256_962
军刀狮,sha256_963
军刀狮,sha256_964
军刀狮,sha256_965
军刀狮,sha256_966
军刀狮,sha256_967
军刀狮,sha256_968
军刀狮,sha256_969
军刀狮,sha256_970
军刀狮,sha256_971
军刀狮,sha256_972
军刀狮,sha256_973
军刀狮,sha256_974
军刀狮,sha256_975
军刀狮,sha256_976
军刀狮,sha256_977
军刀狮,sha256_978
军刀狮,sha256_979
军刀狮,sha256_980
军刀狮,sha256_981
军刀狮,sha256_982
OilRig,sha256_983
OilRig,sha256_984
OilRig,sha256_985
OilRig,sha256_986
OilRig,sha256_987
OilRig,sha256_988
OilRig,sha256_989
OilRig,sha256_990
OilRig,sha256_991
OilRig,sha256_992
OilRig,sha256_993
OilRig,sha256_994
OilRig,sha256_995
OilRig,sha256_996
OilRig,sha256_997
OilRig,sha256_998
OilRig,sha256_999
OilRig,sha256_1000
OilRig,sha256_1001
OilRig,sha256_1002
OilRig,sha256_1003
OilRig,sha256_1004
OilRig,sha256_1005
OilRig,sha256_1006
OilRig,sha256_1007
OilRig,sha256_1008
OilRig,sha256_1009
OilRig,sha256_1010
OilRig,sha256_1011
OilRig,sha256_1012
OilRig,sha256_1013
OilRig,sha256_1014
OilRig,sha256_1015
OilRig,sha256_1016
OilRig,sha256_1017
OilRig,sha256_1018
OilRig,sha256_1019
OilRig,sha256_1020
OilRig,sha256_1021
OilRig,sha256_1022
OilRig,sha256_1023
OilRig,sha256_1024
OilRig,sha256_1025
OilRig,sha256_1026
OilRig,sha256_1027
OilRig,sha256_1028
OilRig,sha256_1029
OilRig,sha256_1030
OilRig,sha256_1031
OilRig,sha256_1032
MuddyWater,sha256_1033
MuddyWater,sha256_1034
MuddyWater,sha256_1035
MuddyWater,sha256_1036
MuddyWater,sha256_1037
MuddyWater,sha256_1038
MuddyWater,sha256_1039
MuddyWater,sha256_1040
MuddyWater,sha256_1041
MuddyWater,sha256_1042
MuddyWater,sha256_1043
MuddyWater,sha256_1044
MuddyWater,sha256_1045
MuddyWater,sha256_1046
MuddyWater,sha256_1047
MuddyWater,sha256_1048
MuddyWater,sha256_1049
MuddyWater,sha256_1050
MuddyWater,sha256_1051
MuddyWater,sha256_1052
MuddyWater,sha256_1053
MuddyWater,sha256_1054
MuddyWater,sha256_1055
MuddyWater,sha256_1056
MuddyWater,sha256_1057
MuddyWater,sha256_1058
MuddyWater,sha256_1059
MuddyWater,sha256_1060
MuddyWater,sha256_1061
MuddyWater,sha256_1062
MuddyWater,sha256_1063
MuddyWater,sha256_1064
MuddyWater,sha256_1065
MuddyWater,sha256_1066
MuddyWater,sha256_1067
MuddyWater,sha256_1068
MuddyWater,sha256_1069
MuddyWater,sha256_1070
MuddyWater,sha256_1071
MuddyWater,sha256_1072
MuddyWater,sha256_1073
MuddyWater,sha256_1074
MuddyWater,sha256_1075
MuddyWater,sha256_1076
MuddyWater,sha256_1077
MuddyWater,sha256_1078
MuddyWater,sha256_1079
MuddyWater,sha256_1080
MuddyWater,sha256_1081
MuddyWater,sha256_1082
APT35,sha256_1083
APT35,sha256_1084
APT35,sha256_1085
APT35,sha256_1086
APT35,sha256_1087
APT35,sha256_1088
APT35,sha256_1089
APT35,sha256_1090
APT35,sha256_1091
APT35,sha256_1092
APT35,sha256_1093
APT35,sha256_1094
APT35,sha256_1095
APT35,sha256_1096
APT35,sha256_1097
APT35,sha256_1098
APT35,sha256_1099
APT35,sha256_1100
APT35,sha256_1101
APT35,sha256_1102
APT35,sha256_1103
APT35,sha256_1104
APT35,sha256_1105
APT35,sha256_1106
APT35,sha256_1107
APT35,sha256_1108
APT35,sha256_1109
APT35,sha256_1110
APT35,sha256_1111
APT35,sha256_1112
APT35,sha256_1113
APT35,sha256_1114
APT35,sha256_1115
APT35,sha256_1116
APT35,sha256_1117
APT35,sha256_1118
APT35,sha256_1119
APT35,sha256_1120
APT35,sha256_1121
APT35,sha256_1122
APT35,sha256_1123
APT35,sha256_1124
APT35,sha256_1125
APT35,sha256_1126
APT35,sha256_1127
APT35,sha256_1128
APT35,sha256_1129
APT35,sha256_1130
APT35,sha256_1131
APT35,sha256_1132
APT38,sha256_1133
APT38,sha256_1134
APT38,sha256_1135
APT38,sha256_1136
APT38,sha256_1137
APT38,sha256_1138
APT38,sha256_1139
APT38,sha256_1140
APT38,sha256_1141
APT38,sha256_1142
APT38,sha256_1143
APT38,sha256_1144
APT38,sha256_1145
APT38,sha256_1146
APT38,sha256_1147
APT38,sha256_1148
APT38,sha256_1149
APT38,sha256_1150
APT38,sha256_1151
APT38,sha256_1152
APT38,sha256_1153
APT38,sha256_1154
APT38,sha256_1155
APT38,sha256_1156
APT38,sha256_1157
APT38,sha256_1158
APT38,sha256_1159
APT38,sha256_1160
APT38,sha256_1161
APT38,sha256_1162
APT38,sha256_1163
APT38,sha256_1164
APT38,sha256_1165
APT38,sha256_1166
APT38,sha256_1167
APT38,sha256_1168
APT38,sha256_1169
APT38,sha256_1170
APT38,sha256_1171
APT38,sha256_1172
APT38,sha256_1173
APT38,sha256_1174
APT38,sha256_1175
APT38,sha256_1176
APT38,sha256_1177
APT38,sha256_1178
APT38,sha256_1179
APT38,sha256_1180
APT38,sha256_1181
APT38,sha256_1182
Kimsuky,sha256_1183
Kimsuky,sha256_1184
Kimsuky,sha256_1185
Kimsuky,sha256_1186
Kimsuky,sha256_1187
Kimsuky,sha256_1188
Kimsuky,sha256_1189
Kimsuky,sha256_1190
Kimsuky,sha256_1191
Kimsuky,sha256_1192
Kimsuky,sha256_1193
Kimsuky,sha256_1194
Kimsuky,sha256_1195
Kimsuky,sha256_1196
Kimsuky,sha256_1197
Kimsuky,sha256_1198
Kimsuky,sha256_1199
Kimsuky,sha256_1200
Kimsuky,sha256_1201
Kimsuky,sha256_1202
Kimsuky,sha256_1203
Kimsuky,sha256_1204
Kimsuky,sha256_1205
Kimsuky,sha256_1206
Kimsuky,sha256_1207
Kimsuky,sha256_1208
Kimsuky,sha256_1209
Kimsuky,sha256_1210
Kimsuky,sha256_1211
Kimsuky,sha256_1212
Kimsuky,sha256_1213
Kimsuky,sha256_1214
Kimsuky,sha256_1215
Kimsuky,sha256_1216
Kimsuky,sha256_1217
Kimsuky,sha256_1218
Kimsuky,sha256_1219
Kimsuky,sha256_1220
Kimsuky,sha256_1221
Kimsuky,sha256_1222
Kimsuky,sha256_1223
Kimsuky,sha256_1224
Kimsuky,sha256_1225
Kimsuky,sha256_1226
Kimsuky,sha256_1227
Kimsuky,sha256_1228
Kimsuky,sha256_1229
Kimsuky,sha256_1230
Kimsuky,sha256_1231
Kimsuky,sha256_1232
FIN7,sha256_1233
FIN7,sha256_1234
FIN7,sha256_1235
FIN7,sha256_1236
FIN7,sha256_1237
FIN7,sha256_1238
FIN7,sha256_1239
FIN7,sha256_1240
FIN7,sha256_1241
FIN7,sha256_1242
FIN7,sha256_1243
FIN7,sha256_1244
FIN7,sha256_1245
FIN7,sha256_1246
FIN7,sha256_1247
FIN7,sha256_1248
FIN7,sha256_1249
FIN7,sha256_1250
FIN7,sha256_1251
FIN7,sha256_1252
FIN7,sha256_1253
FIN7,sha256_1254
FIN7,sha256_1255
FIN7,sha256_1256
FIN7,sha256_1257
FIN7,sha256_1258
FIN7,sha256_1259
FIN7,sha256_1260
FIN7,sha256_1261
FIN7,sha256_1262
FIN7,sha256_1263
FIN7,sha256_1264
FIN7,sha256_1265
FIN7,sha256_1266
FIN7,sha256_1267
FIN7,sha256_1268
FIN7,sha256_1269
FIN7,sha256_1270
FIN7,sha256_1271
FIN7,sha256_1272
FIN7,sha256_1273
FIN7,sha256_1274
FIN7,sha256_1275
FIN7,sha256_1276
FIN7,sha256_1277
FIN7,sha256_1278
FIN7,sha256_1279
FIN7,sha256_1280
FIN7,sha256_1281
FIN7,sha256_1282
双尾蝎,sha256_1283
双尾蝎,sha256_1284
双尾蝎,sha256_1285
双尾蝎,sha256_1286
双尾蝎,sha256_1287
双尾蝎,sha256_1288
双尾蝎,sha256_1289
双尾蝎,sha256_1290
双尾蝎,sha256_1291
双尾蝎,sha256_1292
双尾蝎,sha256_1293
双尾蝎,sha256_1294
双尾蝎,sha256_1295
双尾蝎,sha256_1296
双尾蝎,sha256_1297
双尾蝎,sha256_1298
双尾蝎,sha256_1299
双尾蝎,sha256_1300
双尾蝎,sha256_1301
双尾蝎,sha256_1302
双尾蝎,sha256_1303
双尾蝎,sha256_1304
双尾蝎,sha256_1305
双尾蝎,sha256_1306
双尾蝎,sha256_1307
双尾蝎,sha256_1308
双尾蝎,sha256_1309
双尾蝎,sha256_1310
双尾蝎,sha256_1311
双尾蝎,sha256_1312
双尾蝎,sha256_1313
双尾蝎,sha256_1314
双尾蝎,sha256_1315
双尾蝎,sha256_1316
双尾蝎,sha256_1317
双尾蝎,sha256_1318
双尾蝎,sha256_1319
双尾蝎,sha256_1320
双尾蝎,sha256_1321
双尾蝎,sha256_1322
双尾蝎,sha256_1323
双尾蝎,sha256_1324
双尾蝎,sha256_1325
双尾蝎,sha256_1326
双尾蝎,sha256_1327
双尾蝎,sha256_1328
双尾蝎,sha256_1329
双尾蝎,sha256_1330
双尾蝎,sha256_1331
双尾蝎,sha256_1332
盲眼鹰,sha256_1333
盲眼鹰,sha256_1334
盲眼鹰,sha256_1335
盲眼鹰,sha256_1336
盲眼鹰,sha256_1337
盲眼鹰,sha256_1338
盲眼鹰,sha256_1339
盲眼鹰,sha256_1340
盲眼鹰,sha256_1341
盲眼鹰,sha256_1342
盲眼鹰,sha256_1343
盲眼鹰,sha256_1344
盲眼鹰,sha256_1345
盲眼鹰,sha256_1346
盲眼鹰,sha256_1347
盲眼鹰,sha256_1348
盲眼鹰,sha256_1349
盲眼鹰,sha256_1350
盲眼鹰,sha256_1351
盲眼鹰,sha256_1352
盲眼鹰,sha256_1353
盲眼鹰,sha256_1354
盲眼鹰,sha256_1355
盲眼鹰,sha256_1356
盲眼鹰,sha256_1357
盲眼鹰,sha256_1358
盲眼鹰,sha256_1359
盲眼鹰,sha256_1360
盲眼鹰,sha256_1361
盲眼鹰,sha256_1362
盲眼鹰,sha256_1363
盲眼鹰,sha256_1364
盲眼鹰,sha256_1365
盲眼鹰,sha256_1366
盲眼鹰,sha256_1367
盲眼鹰,sha256_1368
盲眼鹰,sha256_1369
盲眼鹰,sha256_1370
盲眼鹰,sha256_1371
盲眼鹰,sha256_1372
盲眼鹰,sha256_1373
盲眼鹰,sha256_1374
盲眼鹰,sha256_1375
盲眼鹰,sha256_1376
盲眼鹰,sha256_1377
盲眼鹰,sha256_1378
盲眼鹰,sha256_1379
盲眼鹰,sha256_1380
盲眼鹰,sha256_1381
盲眼鹰,sha256_1382
APT33,sha256_1383
APT33,sha256_1384
APT33,sha256_1385
APT33,sha256_1386
APT33,sha256_1387
APT33,sha256_1388
APT33,sha256_1389
APT33,sha256_1390
APT33,sha256_1391
APT33,sha256_1392
APT33,sha256_1393
APT33,sha256_1394
APT33,sha256_1395
APT33,sha256_1396
APT33,sha256_1397
APT33,sha256_1398
APT33,sha256_1399
APT33,sha256_1400
APT33,sha256_1401
APT33,sha256_1402
APT33,sha256_1403
APT33,sha256_1404
APT33,sha256_1405
APT33,sha256_1406
APT33,sha256_1407
APT33,sha256_1408
APT33,sha256_1409
APT33,sha256_1410
APT33,sha256_1411
APT33,sha256_1412
APT33,sha256_1413
APT33,sha256_1414
APT33,sha256_1415
APT33,sha256_1416
APT33,sha256_1417
APT33,sha256_1418
APT33,sha256_1419
APT33,sha256_1420
APT33,sha256_1421
APT33,sha256_1422
APT33,sha256_1423
APT33,sha256_1424
APT33,sha256_1425
APT33,sha256_1426
APT33,sha256_1427
APT33,sha256_1428
APT33,sha256_1429
APT33,sha256_1430
APT33,sha256_1431
APT33,sha256_1432