organization,attacktype
海莲花,鱼叉攻击
海莲花,水坑攻击
蔓灵花,鱼叉攻击
毒云藤,鱼叉攻击
毒云藤,水坑攻击
响尾蛇,鱼叉攻击
Lazarus,鱼叉攻击
Lazarus,水坑攻击
肚脑虫,鱼叉攻击
黑店,鱼叉攻击
黑店,水坑攻击
黑店,无文件攻击
人面狮,水坑攻击
索伦之眼,无文件攻击
奇幻熊,鱼叉攻击
奇幻熊,水坑攻击
奇幻熊,无文件攻击
蓝宝菇,鱼叉攻击
APT37,鱼叉攻击
APT37,水坑攻击
APT37,无文件攻击
APT37,中间人攻击
方程式,鱼叉攻击
方程式,无文件攻击
魔罗桫,鱼叉攻击
Longhorn,无文件攻击
CozyBear,鱼叉攻击
CozyBear,水坑攻击
Turla,鱼叉攻击
Turla,水坑攻击
拍拍熊,水坑攻击
黄金鼠,鱼叉攻击
黄金鼠,水坑攻击
黄金鼠,无文件攻击
军刀狮,水坑攻击
OilRig,供应链攻击
MuddyWater,鱼叉攻击
APT35,钓鱼式攻击
Kimsuky,鱼叉攻击
FIN7,鱼叉攻击
双尾蝎,鱼叉攻击
双尾蝎,水坑攻击
盲眼鹰,鱼叉攻击
APT33,鱼叉攻击