organization,area
海莲花,东盟
海莲花,澳大利亚
海莲花,孟加拉
海莲花,文莱
海莲花,柬埔寨
海莲花,中国
海莲花,丹麦
海莲花,德国
海莲花,印度
海莲花,印度尼西亚
海莲花,伊朗
海莲花,日本
海莲花,老挝
海莲花,马来西亚
海莲花,缅甸
海莲花,尼泊尔
海莲花,荷兰
海莲花,菲律宾
海莲花,新加坡
海莲花,韩国
海莲花,泰国
海莲花,英国
海莲花,美国
海莲花,越南
蔓灵花,中国
蔓灵花,巴基斯坦
蔓灵花,沙特阿拉伯
毒云藤,中国
响尾蛇,中国
响尾蛇,巴勒斯坦
响尾蛇,南亚
Lazarus,澳大利亚
Lazarus,孟加拉
Lazarus,巴西
Lazarus,加拿大
Lazarus,智利
Lazarus,中国
Lazarus,厄瓜多尔
Lazarus,法国
Lazarus,德国
Lazarus,危地马拉
Lazarus,香港
Lazarus,印度
Lazarus,以色列
Lazarus,日本
Lazarus,墨西哥
Lazarus,菲律宾
Lazarus,波兰
Lazarus,俄罗斯
Lazarus,韩国
Lazarus,中国台湾
Lazarus,泰国
Lazarus,英国
Lazarus,美国
Lazarus,越南
摩诃草,孟加拉
摩诃草,中国
摩诃草,以色列
摩诃草,日本
摩诃草,巴基斯坦
摩诃草,韩国
摩诃草,斯里兰卡
摩诃草,英国
摩诃草,美国
摩诃草,中东
摩诃草,东南亚
肚脑虫,阿根廷
肚脑虫,孟加拉
肚脑虫,印度
肚脑虫,巴基斯坦
肚脑虫,菲律宾
肚脑虫,斯里兰卡
肚脑虫,泰国
肚脑虫,阿拉伯联合酋长国
肚脑虫,英国
黑店,阿富汗
黑店,亚美尼亚
黑店,孟加拉
黑店,比利时
黑店,中国
黑店,埃塞俄比亚
黑店,德国
黑店,希腊
黑店,香港
黑店,印度
黑店,印度尼西亚
黑店,马来西亚
黑店,爱尔兰
黑店,以色列
黑店,意大利
黑店,日本
黑店,哈萨克斯坦
黑店,吉尔吉斯斯坦
黑店,黎巴嫩
黑店,墨西哥
黑店,莫桑比克
黑店,朝鲜
黑店,巴基斯坦
黑店,菲律宾
黑店,俄罗斯
黑店,沙特阿拉伯
黑店,塞尔维亚
黑店,新加坡
黑店,韩国
黑店,中国台湾
黑店,塔吉克斯坦
黑店,泰国
黑店,土耳其
黑店,阿拉伯联合酋长国
黑店,英国
黑店,美国
黑店,越南
人面狮,埃及
人面狮,以色列
黑格莎,中国
黑格莎,日本
黑格莎,朝鲜
黑格莎,尼泊尔
黑格莎,新加坡
黑格莎,俄罗斯
黑格莎,波兰
黑格莎,瑞士
索伦之眼,比利时
索伦之眼,中国
索伦之眼,伊朗
索伦之眼,俄罗斯
索伦之眼,卢旺达
索伦之眼,瑞典
奇幻熊,阿富汗
奇幻熊,亚美尼亚
奇幻熊,澳大利亚
奇幻熊,阿塞拜疆
奇幻熊,白俄罗斯
奇幻熊,比利时
奇幻熊,巴西
奇幻熊,保加利亚
奇幻熊,加拿大
奇幻熊,智利
奇幻熊,中国
奇幻熊,克罗地亚
奇幻熊,塞浦路斯
奇幻熊,法国
奇幻熊,格鲁吉亚
奇幻熊,德国
奇幻熊,匈牙利
奇幻熊,印度
奇幻熊,伊朗
奇幻熊,伊拉克
奇幻熊,日本
奇幻熊,约旦
奇幻熊,哈萨克斯坦
奇幻熊,拉脱维亚
奇幻熊,马来西亚
奇幻熊,墨西哥
奇幻熊,蒙古国
奇幻熊,黑山
奇幻熊,荷兰
奇幻熊,挪威
奇幻熊,巴基斯坦
奇幻熊,波兰
奇幻熊,罗马尼亚
奇幻熊,斯洛伐克
奇幻熊,南非
奇幻熊,韩国
奇幻熊,西班牙
奇幻熊,瑞士
奇幻熊,塔吉克斯坦
奇幻熊,泰国
奇幻熊,土耳其
奇幻熊,乌干达
奇幻熊,阿拉伯联合酋长国
奇幻熊,英国
奇幻熊,乌克兰
奇幻熊,美国
奇幻熊,乌兹别克斯坦
奇幻熊,北约
蓝宝菇,中国
APT37,中国
APT37,香港
APT37,印度
APT37,日本
APT37,科威特
APT37,尼泊尔
APT37,罗马尼亚
APT37,俄罗斯
APT37,韩国
APT37,英国
APT37,美国
APT37,越南
方程式,阿富汗
方程式,孟加拉
方程式,比利时
方程式,巴西
方程式,厄瓜多尔
方程式,法国
方程式,德国
方程式,香港
方程式,印度
方程式,伊朗
方程式,伊拉克
方程式,以色列
方程式,哈萨克斯坦
方程式,黎巴嫩
方程式,利比亚
方程式,马来西亚
方程式,马里
方程式,墨西哥
方程式,尼日利亚
方程式,巴基斯坦
方程式,巴勒斯坦
方程式,菲律宾
方程式,卡塔尔
方程式,俄罗斯
方程式,新加坡
方程式,索马里
方程式,南非
方程式,苏丹
方程式,瑞士
方程式,叙利亚
方程式,阿拉伯联合酋长国
方程式,英国
方程式,美国
方程式,也门
魔罗桫,蒙古国
魔罗桫,巴基斯坦
魔罗桫,特立尼达和多巴哥
魔罗桫,乌克兰
Longhorn,中国
Longhorn,欧洲
CozyBear,澳大利亚
CozyBear,阿塞拜疆
CozyBear,白俄罗斯
CozyBear,比利时
CozyBear,巴西
CozyBear,保加利亚
CozyBear,加拿大
CozyBear,车臣共和国
CozyBear,中国
CozyBear,塞浦路斯
CozyBear,捷克
CozyBear,法国
CozyBear,格鲁吉亚
CozyBear,德国
CozyBear,匈牙利
CozyBear,印度
CozyBear,爱尔兰
CozyBear,以色列
CozyBear,日本
CozyBear,哈萨克斯坦
CozyBear,吉尔吉斯斯坦
CozyBear,拉脱维亚
CozyBear,黎巴嫩
CozyBear,立陶宛
CozyBear,卢森堡
CozyBear,墨西哥
CozyBear,黑山
CozyBear,荷兰
CozyBear,新西兰
CozyBear,波兰
CozyBear,葡萄牙
CozyBear,罗马尼亚
CozyBear,俄罗斯
CozyBear,斯洛文尼亚
CozyBear,西班牙
CozyBear,韩国
CozyBear,土耳其
CozyBear,乌干达
CozyBear,英国
CozyBear,乌克兰
CozyBear,美国
CozyBear,乌兹别克斯坦
CozyBear,北约
Turla,阿富汗
Turla,阿尔及利亚
Turla,亚美尼亚
Turla,澳大利亚
Turla,奥地利
Turla,阿塞拜疆
Turla,白俄罗斯
Turla,比利时
Turla,玻利维亚
Turla,博茨瓦纳
Turla,巴西
Turla,中国
Turla,智利
Turla,丹麦
Turla,厄瓜多尔
Turla,爱沙尼亚
Turla,芬兰
Turla,法国
Turla,格鲁吉亚
Turla,德国
Turla,香港
Turla,匈牙利
Turla,印度
Turla,印度尼西亚
Turla,伊朗
Turla,伊拉克
Turla,意大利
Turla,牙买加
Turla,约旦
Turla,哈萨克斯坦
Turla,吉尔吉斯斯坦
Turla,科威特
Turla,拉脱维亚
Turla,墨西哥
Turla,荷兰
Turla,巴基斯坦
Turla,巴拉圭
Turla,波兰
Turla,卡塔尔
Turla,罗马尼亚
Turla,俄罗斯
Turla,塞尔维亚
Turla,西班牙
Turla,沙特阿拉伯
Turla,南非
Turla,瑞典
Turla,瑞士
Turla,叙利亚
Turla,塔吉克斯坦
Turla,泰国
Turla,突尼斯
Turla,土库曼斯坦
Turla,英国
Turla,乌克兰
Turla,乌拉圭
Turla,美国
Turla,乌兹别克斯坦
Turla,委内瑞拉
Turla,越南
Turla,也门
拍拍熊,埃及
拍拍熊,以色列
黄金鼠,叙利亚
黄金鼠,中东
军刀狮,埃及
军刀狮,伊拉克
军刀狮,伊朗
军刀狮,约旦
军刀狮,科威特
军刀狮,黎巴嫩
军刀狮,摩洛哥
军刀狮,库尔德斯坦
OilRig,阿塞拜疆
OilRig,伊拉克
OilRig,以色列
OilRig,科威特
OilRig,黎巴嫩
OilRig,毛里求斯
OilRig,巴基斯坦
OilRig,卡塔尔
OilRig,沙特阿拉伯
OilRig,土耳其
OilRig,阿拉伯联合酋长国
OilRig,英国
OilRig,美国
MuddyWater,阿富汗
MuddyWater,亚美尼亚
MuddyWater,奥地利
MuddyWater,阿塞拜疆
MuddyWater,巴林
MuddyWater,白俄罗斯
MuddyWater,埃及
MuddyWater,格鲁吉亚
MuddyWater,印度
MuddyWater,伊朗
MuddyWater,伊拉克
MuddyWater,以色列
MuddyWater,约旦
MuddyWater,黎巴嫩
MuddyWater,马里
MuddyWater,荷兰
MuddyWater,阿曼
MuddyWater,巴基斯坦
MuddyWater,俄罗斯
MuddyWater,沙特阿拉伯
MuddyWater,塔吉克斯坦
MuddyWater,突尼斯
MuddyWater,土耳其
MuddyWater,阿拉伯联合酋长国
MuddyWater,乌克兰
MuddyWater,美国
APT35,阿富汗
APT35,加拿大
APT35,埃及
APT35,伊朗
APT35,伊拉克
APT35,以色列
APT35,约旦
APT35,科威特
APT35,摩洛哥
APT35,巴基斯坦
APT35,沙特阿拉伯
APT35,西班牙
APT35,叙利亚
APT35,土耳其
APT35,阿拉伯联合酋长国
APT35,英国
APT35,委内瑞拉
APT35,也门
Kimsuky,韩国
Kimsuky,美国
FIN7,澳大利亚
FIN7,法国
FIN7,马耳他
FIN7,英国
FIN7,美国
双尾蝎,阿尔巴尼亚
双尾蝎,阿尔及利亚
双尾蝎,澳大利亚
双尾蝎,比利时
双尾蝎,波黑
双尾蝎,加拿大
双尾蝎,中国
双尾蝎,塞浦路斯
双尾蝎,丹麦
双尾蝎,埃及
双尾蝎,法国
双尾蝎,德国
双尾蝎,希腊
双尾蝎,匈牙利
双尾蝎,印度
双尾蝎,伊朗
双尾蝎,伊拉克
双尾蝎,以色列
双尾蝎,意大利
双尾蝎,日本
双尾蝎,约旦
双尾蝎,科威特
双尾蝎,黎巴嫩
双尾蝎,利比亚
双尾蝎,马里
双尾蝎,毛里塔尼亚
双尾蝎,墨西哥
双尾蝎,摩洛哥
双尾蝎,荷兰
双尾蝎,挪威
双尾蝎,巴基斯坦
双尾蝎,葡萄牙
双尾蝎,卡塔尔
双尾蝎,罗马尼亚
双尾蝎,俄罗斯
双尾蝎,沙特阿拉伯
双尾蝎,韩国
双尾蝎,苏丹
双尾蝎,瑞典
双尾蝎,叙利亚
双尾蝎,中国台湾
双尾蝎,土耳其
双尾蝎,阿拉伯联合酋长国
双尾蝎,乌克兰
双尾蝎,美国
双尾蝎,乌兹别克斯坦
双尾蝎,也门
双尾蝎,津巴布韦
盲眼鹰,哥伦比亚
APT33,伊朗
APT33,伊拉克
APT33,以色列
APT33,沙特阿拉伯
APT33,韩国
APT33,英国
APT33,美国