organization,domain
海莲花,domain_0
海莲花,domain_1
海莲花,domain_2
海莲花,domain_3
海莲花,domain_4
海莲花,domain_5
海莲花,domain_6
海莲花,domain_7
海莲花,domain_8
海莲花,domain_9
海莲花,domain_10
海莲花,domain_11
海莲花,domain_12
海莲花,domain_13
海莲花,domain_14
海莲花,domain_15
海莲花,domain_16
海莲花,domain_17
海莲花,domain_18
海莲花,domain_19
海莲花,domain_20
海莲花,domain_21
海莲花,domain_22
海莲花,domain_23
海莲花,domain_24
海莲花,domain_25
海莲花,domain_26
海莲花,domain_27
海莲花,domain_28
海莲花,domain_29
海莲花,domain_30
海莲花,domain_31
海莲花,domain_32
海莲花,domain_33
海莲花,domain_34
海莲花,domain_35
海莲花,domain_36
海莲花,domain_37
海莲花,domain_38
海莲花,domain_39
海莲花,domain_40
海莲花,domain_41
海莲花,domain_42
海莲花,domain_43
海莲花,domain_44
海莲花,domain_45
海莲花,domain_46
海莲花,domain_47
海莲花,domain_48
海莲花,domain_49
蔓灵花,domain_50
蔓灵花,domain_51
蔓灵花,domain_52
蔓灵花,domain_53
蔓灵花,domain_54
蔓灵花,domain_55
蔓灵花,domain_56
蔓灵花,domain_57
蔓灵花,domain_58
蔓灵花,domain_59
蔓灵花,domain_60
蔓灵花,domain_61
蔓灵花,domain_62
蔓灵花,domain_63
蔓灵花,domain_64
蔓灵花,domain_65
蔓灵花,domain_66
蔓灵花,domain_67
蔓灵花,domain_68
蔓灵花,domain_69
蔓灵花,domain_70
蔓灵花,domain_71
蔓灵花,domain_72
蔓灵花,domain_73
蔓灵花,domain_74
蔓灵花,domain_75
蔓灵花,domain_76
蔓灵花,domain_77
蔓灵花,domain_78
蔓灵花,domain_79
蔓灵花,domain_80
蔓灵花,domain_81
蔓灵花,domain_82
蔓灵花,domain_83
蔓灵花,domain_84
蔓灵花,domain_85
蔓灵花,domain_86
蔓灵花,domain_87
蔓灵花,domain_88
蔓灵花,domain_89
蔓灵花,domain_90
蔓灵花,domain_91
蔓灵花,domain_92
蔓灵花,domain_93
蔓灵花,domain_94
蔓灵花,domain_95
蔓灵花,domain_96
蔓灵花,domain_97
蔓灵花,domain_98
蔓灵花,domain_99
毒云藤,domain_100
毒云藤,domain_101
毒云藤,domain_102
毒云藤,domain_103
毒云藤,domain_104
毒云藤,domain_105
毒云藤,domain_106
毒云藤,domain_107
毒云藤,domain_108
毒云藤,domain_109
毒云藤,domain_110
毒云藤,domain_111
毒云藤,domain_112
毒云藤,domain_113
毒云藤,domain_114
毒云藤,domain_115
毒云藤,domain_116
毒云藤,domain_117
毒云藤,domain_118
毒云藤,domain_119
毒云藤,domain_120
毒云藤,domain_121
毒云藤,domain_122
毒云藤,domain_123
毒云藤,domain_124
毒云藤,domain_125
毒云藤,domain_126
毒云藤,domain_127
毒云藤,domain_128
毒云藤,domain_129
毒云藤,domain_130
毒云藤,domain_131
毒云藤,domain_132
毒云藤,domain_133
毒云藤,domain_134
毒云藤,domain_135
毒云藤,domain_136
毒云藤,domain_137
毒云藤,domain_138
毒云藤,domain_139
毒云藤,domain_140
毒云藤,domain_141
毒云藤,domain_142
毒云藤,domain_143
毒云藤,domain_144
毒云藤,domain_145
毒云藤,domain_146
毒云藤,domain_147
毒云藤,domain_148
毒云藤,domain_149
响尾蛇,domain_150
响尾蛇,domain_151
响尾蛇,domain_152
响尾蛇,domain_153
响尾蛇,domain_154
响尾蛇,domain_155
响尾蛇,domain_156
响尾蛇,domain_157
响尾蛇,domain_158
响尾蛇,domain_159
响尾蛇,domain_160
响尾蛇,domain_161
响尾蛇,domain_162
响尾蛇,domain_163
响尾蛇,domain_164
响尾蛇,domain_165
响尾蛇,domain_166
响尾蛇,domain_167
响尾蛇,domain_168
响尾蛇,domain_169
响尾蛇,domain_170
响尾蛇,domain_171
响尾蛇,domain_172
响尾蛇,domain_173
响尾蛇,domain_174
响尾蛇,domain_175
响尾蛇,domain_176
响尾蛇,domain_177
响尾蛇,domain_178
响尾蛇,domain_179
响尾蛇,domain_180
响尾蛇,domain_181
响尾蛇,domain_182
响尾蛇,domain_183
响尾蛇,domain_184
响尾蛇,domain_185
响尾蛇,domain_186
响尾蛇,domain_187
响尾蛇,domain_188
响尾蛇,domain_189
响尾蛇,domain_190
响尾蛇,domain_191
响尾蛇,domain_192
响尾蛇,domain_193
响尾蛇,domain_194
响尾蛇,domain_195
响尾蛇,domain_196
响尾蛇,domain_197
响尾蛇,domain_198
响尾蛇,domain_199
Lazarus,domain_200
Lazarus,domain_201
Lazarus,domain_202
Lazarus,domain_203
Lazarus,domain_204
Lazarus,domain_205
Lazarus,domain_206
Lazarus,domain_207
Lazarus,domain_208
Lazarus,domain_209
Lazarus,domain_210
Lazarus,domain_211
Lazarus,domain_212
Lazarus,domain_213
Lazarus,domain_214
Lazarus,domain_215
Lazarus,domain_216
Lazarus,domain_217
Lazarus,domain_218
Lazarus,domain_219
Lazarus,domain_220
Lazarus,domain_221
Lazarus,domain_222
Lazarus,domain_223
Lazarus,domain_224
Lazarus,domain_225
Lazarus,domain_226
Lazarus,domain_227
Lazarus,domain_228
Lazarus,domain_229
Lazarus,domain_230
Lazarus,domain_231
Lazarus,domain_232
Lazarus,domain_233
Lazarus,domain_234
Lazarus,domain_235
Lazarus,domain_236
Lazarus,domain_237
Lazarus,domain_238
Lazarus,domain_239
Lazarus,domain_240
Lazarus,domain_241
Lazarus,domain_242
Lazarus,domain_243
Lazarus,domain_244
Lazarus,domain_245
Lazarus,domain_246
Lazarus,domain_247
Lazarus,domain_248
Lazarus,domain_249
摩诃草,domain_250
摩诃草,domain_251
摩诃草,domain_252
摩诃草,domain_253
摩诃草,domain_254
摩诃草,domain_255
摩诃草,domain_256
摩诃草,domain_257
摩诃草,domain_258
摩诃草,domain_259
摩诃草,domain_260
摩诃草,domain_261
摩诃草,domain_262
摩诃草,domain_263
摩诃草,domain_264
摩诃草,domain_265
摩诃草,domain_266
摩诃草,domain_267
摩诃草,domain_268
摩诃草,domain_269
摩诃草,domain_270
摩诃草,domain_271
摩诃草,domain_272
摩诃草,domain_273
摩诃草,domain_274
摩诃草,domain_275
摩诃草,domain_276
摩诃草,domain_277
摩诃草,domain_278
摩诃草,domain_279
摩诃草,domain_280
摩诃草,domain_281
摩诃草,domain_282
摩诃草,domain_283
摩诃草,domain_284
摩诃草,domain_285
摩诃草,domain_286
摩诃草,domain_287
摩诃草,domain_288
摩诃草,domain_289
摩诃草,domain_290
摩诃草,domain_291
摩诃草,domain_292
摩诃草,domain_293
摩诃草,domain_294
摩诃草,domain_295
摩诃草,domain_296
摩诃草,domain_297
摩诃草,domain_298
肚脑虫,domain_299
肚脑虫,domain_300
肚脑虫,domain_301
肚脑虫,domain_302
肚脑虫,domain_303
肚脑虫,domain_304
肚脑虫,domain_305
肚脑虫,domain_306
肚脑虫,domain_307
肚脑虫,domain_308
肚脑虫,domain_309
肚脑虫,domain_310
肚脑虫,domain_311
肚脑虫,domain_312
肚脑虫,domain_313
肚脑虫,domain_314
肚脑虫,domain_315
肚脑虫,domain_316
肚脑虫,domain_317
肚脑虫,domain_318
肚脑虫,domain_319
肚脑虫,domain_320
肚脑虫,domain_321
肚脑虫,domain_322
肚脑虫,domain_323
肚脑虫,domain_324
肚脑虫,domain_325
肚脑虫,domain_326
肚脑虫,domain_327
肚脑虫,domain_328
肚脑虫,domain_329
肚脑虫,domain_330
肚脑虫,domain_331
肚脑虫,domain_332
肚脑虫,domain_333
肚脑虫,domain_334
肚脑虫,domain_335
肚脑虫,domain_336
肚脑虫,domain_337
肚脑虫,domain_338
肚脑虫,domain_339
肚脑虫,domain_340
肚脑虫,domain_341
肚脑虫,domain_342
肚脑虫,domain_343
肚脑虫,domain_344
肚脑虫,domain_345
肚脑虫,domain_346
肚脑虫,domain_347
肚脑虫,domain_348
黑店,domain_349
黑店,domain_350
黑店,domain_351
黑店,domain_352
黑店,domain_353
黑店,domain_354
黑店,domain_355
黑店,domain_356
黑店,domain_357
黑店,domain_358
黑店,domain_359
黑店,domain_360
黑店,domain_361
黑店,domain_362
黑店,domain_363
黑店,domain_364
黑店,domain_365
黑店,domain_366
黑店,domain_367
黑店,domain_368
黑店,domain_369
黑店,domain_370
黑店,domain_371
黑店,domain_372
黑店,domain_373
黑店,domain_374
黑店,domain_375
黑店,domain_376
黑店,domain_377
黑店,domain_378
黑店,domain_379
黑店,domain_380
黑店,domain_381
黑店,domain_382
黑店,domain_383
黑店,domain_384
黑店,domain_385
黑店,domain_386
黑店,domain_387
黑店,domain_388
黑店,domain_389
黑店,domain_390
黑店,domain_391
黑店,domain_392
黑店,domain_393
黑店,domain_394
黑店,domain_395
黑店,domain_396
黑店,domain_397
黑店,domain_398
人面狮,domain_399
人面狮,domain_400
人面狮,domain_401
人面狮,domain_402
人面狮,domain_403
人面狮,domain_404
人面狮,domain_405
人面狮,domain_406
人面狮,domain_407
人面狮,domain_408
人面狮,domain_409
人面狮,domain_410
人面狮,domain_411
人面狮,domain_412
人面狮,domain_413
人面狮,domain_414
人面狮,domain_415
人面狮,domain_416
人面狮,domain_417
人面狮,domain_418
人面狮,domain_419
人面狮,domain_420
人面狮,domain_421
人面狮,domain_422
人面狮,domain_423
人面狮,domain_424
人面狮,domain_425
人面狮,domain_426
人面狮,domain_427
人面狮,domain_428
人面狮,domain_429
人面狮,domain_430
人面狮,domain_431
人面狮,domain_432
人面狮,domain_433
人面狮,domain_434
人面狮,domain_435
人面狮,domain_436
人面狮,domain_437
人面狮,domain_438
人面狮,domain_439
人面狮,domain_440
人面狮,domain_441
人面狮,domain_442
人面狮,domain_443
人面狮,domain_444
人面狮,domain_445
人面狮,domain_446
人面狮,domain_447
人面狮,domain_448
黑格莎,domain_449
黑格莎,domain_450
黑格莎,domain_451
黑格莎,domain_452
黑格莎,domain_453
黑格莎,domain_454
黑格莎,domain_455
黑格莎,domain_456
黑格莎,domain_457
黑格莎,domain_458
黑格莎,domain_459
黑格莎,domain_460
黑格莎,domain_461
索伦之眼,domain_462
索伦之眼,domain_463
索伦之眼,domain_464
索伦之眼,domain_465
索伦之眼,domain_466
索伦之眼,domain_467
索伦之眼,domain_468
索伦之眼,domain_469
索伦之眼,domain_470
索伦之眼,domain_471
索伦之眼,domain_472
索伦之眼,domain_473
索伦之眼,domain_474
索伦之眼,domain_475
索伦之眼,domain_476
索伦之眼,domain_477
索伦之眼,domain_478
索伦之眼,domain_479
索伦之眼,domain_480
索伦之眼,domain_481
索伦之眼,domain_482
索伦之眼,domain_483
索伦之眼,domain_484
索伦之眼,domain_485
索伦之眼,domain_486
索伦之眼,domain_487
索伦之眼,domain_488
索伦之眼,domain_489
索伦之眼,domain_490
奇幻熊,domain_491
奇幻熊,domain_492
奇幻熊,domain_493
奇幻熊,domain_494
奇幻熊,domain_495
奇幻熊,domain_496
奇幻熊,domain_497
奇幻熊,domain_498
奇幻熊,domain_499
奇幻熊,domain_500
奇幻熊,domain_501
奇幻熊,domain_502
奇幻熊,domain_503
奇幻熊,domain_504
奇幻熊,domain_505
奇幻熊,domain_506
奇幻熊,domain_507
奇幻熊,domain_508
奇幻熊,domain_509
奇幻熊,domain_510
奇幻熊,domain_511
奇幻熊,domain_512
奇幻熊,domain_513
奇幻熊,domain_514
奇幻熊,domain_515
奇幻熊,domain_516
奇幻熊,domain_517
奇幻熊,domain_518
奇幻熊,domain_519
奇幻熊,domain_520
奇幻熊,domain_521
奇幻熊,domain_522
奇幻熊,domain_523
奇幻熊,domain_524
奇幻熊,domain_525
奇幻熊,domain_526
奇幻熊,domain_527
奇幻熊,domain_528
奇幻熊,domain_529
奇幻熊,domain_530
奇幻熊,domain_531
奇幻熊,domain_532
奇幻熊,domain_533
奇幻熊,domain_534
奇幻熊,domain_535
奇幻熊,domain_536
奇幻熊,domain_537
奇幻熊,domain_538
奇幻熊,domain_539
蓝宝菇,domain_540
蓝宝菇,domain_541
蓝宝菇,domain_542
APT37,domain_543
APT37,domain_544
APT37,domain_545
APT37,domain_546
APT37,domain_547
APT37,domain_548
APT37,domain_549
APT37,domain_550
APT37,domain_551
APT37,domain_552
APT37,domain_553
APT37,domain_554
APT37,domain_555
APT37,domain_556
APT37,domain_557
APT37,domain_558
APT37,domain_559
APT37,domain_560
APT37,domain_561
APT37,domain_562
APT37,domain_563
APT37,domain_564
APT37,domain_565
APT37,domain_566
APT37,domain_567
APT37,domain_568
APT37,domain_569
APT37,domain_570
APT37,domain_571
APT37,domain_572
APT37,domain_573
APT37,domain_574
APT37,domain_575
APT37,domain_576
APT37,domain_577
APT37,domain_578
APT37,domain_579
APT37,domain_580
APT37,domain_581
APT37,domain_582
APT37,domain_583
APT37,domain_584
APT37,domain_585
APT37,domain_586
APT37,domain_587
APT37,domain_588
APT37,domain_589
APT37,domain_590
方程式,domain_591
方程式,domain_592
方程式,domain_593
方程式,domain_594
方程式,domain_595
方程式,domain_596
方程式,domain_597
方程式,domain_598
方程式,domain_599
方程式,domain_600
方程式,domain_601
方程式,domain_602
方程式,domain_603
方程式,domain_604
方程式,domain_605
方程式,domain_606
方程式,domain_607
方程式,domain_608
方程式,domain_609
方程式,domain_610
方程式,domain_611
方程式,domain_612
方程式,domain_613
方程式,domain_614
方程式,domain_615
方程式,domain_616
方程式,domain_617
方程式,domain_618
方程式,domain_619
方程式,domain_620
方程式,domain_621
方程式,domain_622
方程式,domain_623
方程式,domain_624
方程式,domain_625
方程式,domain_626
方程式,domain_627
方程式,domain_628
方程式,domain_629
方程式,domain_630
方程式,domain_631
方程式,domain_632
方程式,domain_633
方程式,domain_634
方程式,domain_635
方程式,domain_636
方程式,domain_637
方程式,domain_638
方程式,domain_639
方程式,domain_640
魔罗桫,domain_641
魔罗桫,domain_642
魔罗桫,domain_643
魔罗桫,domain_644
魔罗桫,domain_645
魔罗桫,domain_646
魔罗桫,domain_647
魔罗桫,domain_648
魔罗桫,domain_649
魔罗桫,domain_650
魔罗桫,domain_651
魔罗桫,domain_652
魔罗桫,domain_653
魔罗桫,domain_654
魔罗桫,domain_655
魔罗桫,domain_656
魔罗桫,domain_657
魔罗桫,domain_658
魔罗桫,domain_659
魔罗桫,domain_660
魔罗桫,domain_661
魔罗桫,domain_662
魔罗桫,domain_663
魔罗桫,domain_664
魔罗桫,domain_665
魔罗桫,domain_666
魔罗桫,domain_667
魔罗桫,domain_668
魔罗桫,domain_669
魔罗桫,domain_670
魔罗桫,domain_671
魔罗桫,domain_672
魔罗桫,domain_673
魔罗桫,domain_674
魔罗桫,domain_675
魔罗桫,domain_676
魔罗桫,domain_677
魔罗桫,domain_678
魔罗桫,domain_679
魔罗桫,domain_680
魔罗桫,domain_681
魔罗桫,domain_682
魔罗桫,domain_683
魔罗桫,domain_684
魔罗桫,domain_685
魔罗桫,domain_686
魔罗桫,domain_687
魔罗桫,domain_688
魔罗桫,domain_689
魔罗桫,domain_690
Longhorn,domain_691
Longhorn,domain_692
Longhorn,domain_693
Longhorn,domain_694
Longhorn,domain_695
Longhorn,domain_696
Longhorn,domain_697
Longhorn,domain_698
Longhorn,domain_699
Longhorn,domain_700
Longhorn,domain_701
Longhorn,domain_702
Longhorn,domain_703
Longhorn,domain_704
Longhorn,domain_705
Longhorn,domain_706
Longhorn,domain_707
Longhorn,domain_708
Longhorn,domain_709
Longhorn,domain_710
Longhorn,domain_711
Longhorn,domain_712
Longhorn,domain_713
Longhorn,domain_714
Longhorn,domain_715
Longhorn,domain_716
Longhorn,domain_717
Longhorn,domain_718
Longhorn,domain_719
Longhorn,domain_720
Longhorn,domain_721
Longhorn,domain_722
Longhorn,domain_723
Longhorn,domain_724
Longhorn,domain_725
Longhorn,domain_726
Longhorn,domain_727
Longhorn,domain_728
CozyBear,domain_729
CozyBear,domain_730
CozyBear,domain_731
CozyBear,domain_732
CozyBear,domain_733
CozyBear,domain_734
CozyBear,domain_735
CozyBear,domain_736
CozyBear,domain_737
CozyBear,domain_738
CozyBear,domain_739
CozyBear,domain_740
CozyBear,domain_741
CozyBear,domain_742
CozyBear,domain_743
CozyBear,domain_744
CozyBear,domain_745
CozyBear,domain_746
CozyBear,domain_747
CozyBear,domain_748
CozyBear,domain_749
CozyBear,domain_750
CozyBear,domain_751
CozyBear,domain_752
CozyBear,domain_753
CozyBear,domain_754
CozyBear,domain_755
CozyBear,domain_756
CozyBear,domain_757
CozyBear,domain_758
CozyBear,domain_759
CozyBear,domain_760
CozyBear,domain_761
CozyBear,domain_762
CozyBear,domain_763
CozyBear,domain_764
CozyBear,domain_765
CozyBear,domain_766
CozyBear,domain_767
CozyBear,domain_768
CozyBear,domain_769
CozyBear,domain_770
CozyBear,domain_771
CozyBear,domain_772
CozyBear,domain_773
CozyBear,domain_774
CozyBear,domain_775
CozyBear,domain_776
CozyBear,domain_777
CozyBear,domain_778
Turla,domain_779
Turla,domain_780
Turla,domain_781
Turla,domain_782
Turla,domain_783
Turla,domain_784
Turla,domain_785
Turla,domain_786
Turla,domain_787
Turla,domain_788
Turla,domain_789
Turla,domain_790
Turla,domain_791
Turla,domain_792
Turla,domain_793
Turla,domain_794
Turla,domain_795
Turla,domain_796
Turla,domain_797
Turla,domain_798
Turla,domain_799
Turla,domain_800
Turla,domain_801
Turla,domain_802
Turla,domain_803
Turla,domain_804
Turla,domain_805
Turla,domain_806
Turla,domain_807
Turla,domain_808
Turla,domain_809
Turla,domain_810
Turla,domain_811
Turla,domain_812
Turla,domain_813
Turla,domain_814
Turla,domain_815
Turla,domain_816
Turla,domain_817
Turla,domain_818
Turla,domain_819
Turla,domain_820
Turla,domain_821
Turla,domain_822
Turla,domain_823
Turla,domain_824
Turla,domain_825
Turla,domain_826
Turla,domain_827
Turla,domain_828
拍拍熊,domain_829
拍拍熊,domain_830
拍拍熊,domain_831
拍拍熊,domain_832
拍拍熊,domain_833
拍拍熊,domain_834
拍拍熊,domain_835
拍拍熊,domain_836
拍拍熊,domain_837
拍拍熊,domain_838
拍拍熊,domain_839
拍拍熊,domain_840
拍拍熊,domain_841
拍拍熊,domain_842
拍拍熊,domain_843
拍拍熊,domain_844
拍拍熊,domain_845
拍拍熊,domain_846
拍拍熊,domain_847
拍拍熊,domain_848
拍拍熊,domain_849
拍拍熊,domain_850
拍拍熊,domain_851
拍拍熊,domain_852
拍拍熊,domain_853
拍拍熊,domain_854
拍拍熊,domain_855
拍拍熊,domain_856
拍拍熊,domain_857
拍拍熊,domain_858
拍拍熊,domain_859
拍拍熊,domain_860
拍拍熊,domain_861
拍拍熊,domain_862
拍拍熊,domain_863
拍拍熊,domain_864
拍拍熊,domain_865
拍拍熊,domain_866
拍拍熊,domain_867
黄金鼠,domain_868
黄金鼠,domain_869
黄金鼠,domain_870
黄金鼠,domain_871
黄金鼠,domain_872
黄金鼠,domain_873
黄金鼠,domain_874
黄金鼠,domain_875
黄金鼠,domain_876
黄金鼠,domain_877
黄金鼠,domain_878
黄金鼠,domain_879
黄金鼠,domain_880
黄金鼠,domain_881
黄金鼠,domain_882
黄金鼠,domain_883
黄金鼠,domain_884
黄金鼠,domain_885
黄金鼠,domain_886
黄金鼠,domain_887
黄金鼠,domain_888
军刀狮,domain_889
军刀狮,domain_890
军刀狮,domain_891
军刀狮,domain_892
军刀狮,domain_893
军刀狮,domain_894
军刀狮,domain_895
军刀狮,domain_896
军刀狮,domain_897
军刀狮,domain_898
军刀狮,domain_899
军刀狮,domain_900
军刀狮,domain_901
军刀狮,domain_902
军刀狮,domain_903
军刀狮,domain_904
军刀狮,domain_905
军刀狮,domain_906
军刀狮,domain_907
军刀狮,domain_908
军刀狮,domain_909
军刀狮,domain_910
军刀狮,domain_911
军刀狮,domain_912
军刀狮,domain_913
军刀狮,domain_914
军刀狮,domain_915
军刀狮,domain_916
军刀狮,domain_917
军刀狮,domain_918
军刀狮,domain_919
军刀狮,domain_920
军刀狮,domain_921
军刀狮,domain_922
军刀狮,domain_923
军刀狮,domain_924
军刀狮,domain_925
军刀狮,domain_926
OilRig,domain_927
OilRig,domain_928
OilRig,domain_929
OilRig,domain_930
OilRig,domain_931
OilRig,domain_932
OilRig,domain_933
OilRig,domain_934
OilRig,domain_935
OilRig,domain_936
OilRig,domain_937
OilRig,domain_938
OilRig,domain_939
OilRig,domain_940
OilRig,domain_941
OilRig,domain_942
OilRig,domain_943
OilRig,domain_944
OilRig,domain_945
OilRig,domain_946
OilRig,domain_947
OilRig,domain_948
OilRig,domain_949
OilRig,domain_950
OilRig,domain_951
OilRig,domain_952
OilRig,domain_953
OilRig,domain_954
OilRig,domain_955
OilRig,domain_956
OilRig,domain_957
OilRig,domain_958
OilRig,domain_959
OilRig,domain_960
OilRig,domain_961
OilRig,domain_962
OilRig,domain_963
OilRig,domain_964
OilRig,domain_965
OilRig,domain_966
OilRig,domain_967
OilRig,domain_968
OilRig,domain_969
OilRig,domain_970
OilRig,domain_971
OilRig,domain_972
OilRig,domain_973
OilRig,domain_974
OilRig,domain_975
OilRig,domain_976
MuddyWater,domain_977
MuddyWater,domain_978
MuddyWater,domain_979
MuddyWater,domain_980
MuddyWater,domain_981
MuddyWater,domain_982
MuddyWater,domain_983
MuddyWater,domain_984
MuddyWater,domain_985
MuddyWater,domain_986
MuddyWater,domain_987
MuddyWater,domain_988
MuddyWater,domain_989
MuddyWater,domain_990
MuddyWater,domain_991
MuddyWater,domain_992
MuddyWater,domain_993
MuddyWater,domain_994
MuddyWater,domain_995
MuddyWater,domain_996
MuddyWater,domain_997
MuddyWater,domain_998
MuddyWater,domain_999
MuddyWater,domain_1000
MuddyWater,domain_1001
MuddyWater,domain_1002
MuddyWater,domain_1003
MuddyWater,domain_1004
MuddyWater,domain_1005
MuddyWater,domain_1006
MuddyWater,domain_1007
MuddyWater,domain_1008
MuddyWater,domain_1009
MuddyWater,domain_1010
MuddyWater,domain_1011
MuddyWater,domain_1012
MuddyWater,domain_1013
MuddyWater,domain_1014
MuddyWater,domain_1015
MuddyWater,domain_1016
MuddyWater,domain_1017
MuddyWater,domain_1018
MuddyWater,domain_1019
MuddyWater,domain_1020
MuddyWater,domain_1021
MuddyWater,domain_1022
MuddyWater,domain_1023
APT35,domain_1024
APT35,domain_1025
APT35,domain_1026
APT35,domain_1027
APT35,domain_1028
APT35,domain_1029
APT35,domain_1030
APT35,domain_1031
APT35,domain_1032
APT35,domain_1033
APT35,domain_1034
APT35,domain_1035
APT35,domain_1036
APT35,domain_1037
APT35,domain_1038
APT35,domain_1039
APT35,domain_1040
APT35,domain_1041
APT35,domain_1042
APT35,domain_1043
APT35,domain_1044
APT35,domain_1045
APT35,domain_1046
APT35,domain_1047
APT35,domain_1048
APT35,domain_1049
APT35,domain_1050
APT35,domain_1051
APT35,domain_1052
APT35,domain_1053
APT35,domain_1054
APT35,domain_1055
APT35,domain_1056
APT35,domain_1057
APT35,domain_1058
APT35,domain_1059
APT35,domain_1060
APT35,domain_1061
APT35,domain_1062
APT35,domain_1063
APT35,domain_1064
APT35,domain_1065
APT35,domain_1066
APT35,domain_1067
APT35,domain_1068
APT35,domain_1069
APT35,domain_1070
APT35,domain_1071
APT35,domain_1072
APT38,domain_1073
APT38,domain_1074
APT38,domain_1075
APT38,domain_1076
APT38,domain_1077
APT38,domain_1078
APT38,domain_1079
APT38,domain_1080
APT38,domain_1081
APT38,domain_1082
APT38,domain_1083
APT38,domain_1084
APT38,domain_1085
APT38,domain_1086
APT38,domain_1087
APT38,domain_1088
APT38,domain_1089
APT38,domain_1090
APT38,domain_1091
APT38,domain_1092
APT38,domain_1093
APT38,domain_1094
APT38,domain_1095
APT38,domain_1096
APT38,domain_1097
APT38,domain_1098
APT38,domain_1099
APT38,domain_1100
APT38,domain_1101
APT38,domain_1102
APT38,domain_1103
APT38,domain_1104
APT38,domain_1105
APT38,domain_1106
APT38,domain_1107
APT38,domain_1108
APT38,domain_1109
APT38,domain_1110
APT38,domain_1111
APT38,domain_1112
APT38,domain_1113
APT38,domain_1114
APT38,domain_1115
APT38,domain_1116
APT38,domain_1117
APT38,domain_1118
APT38,domain_1119
APT38,domain_1120
APT38,domain_1121
APT38,domain_1122
Kimsuky,domain_1123
Kimsuky,domain_1124
Kimsuky,domain_1125
Kimsuky,domain_1126
Kimsuky,domain_1127
Kimsuky,domain_1128
Kimsuky,domain_1129
Kimsuky,domain_1130
Kimsuky,domain_1131
Kimsuky,domain_1132
Kimsuky,domain_1133
Kimsuky,domain_1134
Kimsuky,domain_1135
Kimsuky,domain_1136
Kimsuky,domain_1137
Kimsuky,domain_1138
Kimsuky,domain_1139
Kimsuky,domain_1140
Kimsuky,domain_1141
Kimsuky,domain_1142
Kimsuky,domain_1143
Kimsuky,domain_1144
Kimsuky,domain_1145
Kimsuky,domain_1146
Kimsuky,domain_1147
Kimsuky,domain_1148
Kimsuky,domain_1149
Kimsuky,domain_1150
Kimsuky,domain_1151
Kimsuky,domain_1152
Kimsuky,domain_1153
Kimsuky,domain_1154
Kimsuky,domain_1155
Kimsuky,domain_1156
Kimsuky,domain_1157
Kimsuky,domain_1158
Kimsuky,domain_1159
Kimsuky,domain_1160
Kimsuky,domain_1161
Kimsuky,domain_1162
Kimsuky,domain_1163
Kimsuky,domain_1164
Kimsuky,domain_1165
Kimsuky,domain_1166
Kimsuky,domain_1167
Kimsuky,domain_1168
Kimsuky,domain_1169
Kimsuky,domain_1170
Kimsuky,domain_1171
Kimsuky,domain_1172
FIN7,domain_1173
FIN7,domain_1174
FIN7,domain_1175
FIN7,domain_1176
FIN7,domain_1177
FIN7,domain_1178
FIN7,domain_1179
FIN7,domain_1180
FIN7,domain_1181
FIN7,domain_1182
FIN7,domain_1183
FIN7,domain_1184
FIN7,domain_1185
FIN7,domain_1186
FIN7,domain_1187
FIN7,domain_1188
FIN7,domain_1189
FIN7,domain_1190
FIN7,domain_1191
FIN7,domain_1192
FIN7,domain_1193
FIN7,domain_1194
FIN7,domain_1195
FIN7,domain_1196
FIN7,domain_1197
FIN7,domain_1198
FIN7,domain_1199
FIN7,domain_1200
FIN7,domain_1201
FIN7,domain_1202
FIN7,domain_1203
FIN7,domain_1204
FIN7,domain_1205
FIN7,domain_1206
FIN7,domain_1207
FIN7,domain_1208
FIN7,domain_1209
FIN7,domain_1210
FIN7,domain_1211
FIN7,domain_1212
FIN7,domain_1213
FIN7,domain_1214
FIN7,domain_1215
FIN7,domain_1216
FIN7,domain_1217
FIN7,domain_1218
FIN7,domain_1219
FIN7,domain_1220
FIN7,domain_1221
FIN7,domain_1222
双尾蝎,domain_1223
双尾蝎,domain_1224
双尾蝎,domain_1225
双尾蝎,domain_1226
双尾蝎,domain_1227
双尾蝎,domain_1228
双尾蝎,domain_1229
双尾蝎,domain_1230
双尾蝎,domain_1231
双尾蝎,domain_1232
双尾蝎,domain_1233
双尾蝎,domain_1234
双尾蝎,domain_1235
双尾蝎,domain_1236
双尾蝎,domain_1237
双尾蝎,domain_1238
双尾蝎,domain_1239
双尾蝎,domain_1240
双尾蝎,domain_1241
双尾蝎,domain_1242
双尾蝎,domain_1243
双尾蝎,domain_1244
双尾蝎,domain_1245
双尾蝎,domain_1246
双尾蝎,domain_1247
双尾蝎,domain_1248
双尾蝎,domain_1249
双尾蝎,domain_1250
双尾蝎,domain_1251
双尾蝎,domain_1252
双尾蝎,domain_1253
双尾蝎,domain_1254
双尾蝎,domain_1255
双尾蝎,domain_1256
双尾蝎,domain_1257
双尾蝎,domain_1258
双尾蝎,domain_1259
双尾蝎,domain_1260
双尾蝎,domain_1261
双尾蝎,domain_1262
双尾蝎,domain_1263
双尾蝎,domain_1264
双尾蝎,domain_1265
双尾蝎,domain_1266
双尾蝎,domain_1267
双尾蝎,domain_1268
双尾蝎,domain_1269
双尾蝎,domain_1270
双尾蝎,domain_1271
双尾蝎,domain_1272
盲眼鹰,domain_1273
盲眼鹰,domain_1274
盲眼鹰,domain_1275
盲眼鹰,domain_1276
盲眼鹰,domain_1277
盲眼鹰,domain_1278
盲眼鹰,domain_1279
盲眼鹰,domain_1280
盲眼鹰,domain_1281
盲眼鹰,domain_1282
盲眼鹰,domain_1283
盲眼鹰,domain_1284
盲眼鹰,domain_1285
盲眼鹰,domain_1286
盲眼鹰,domain_1287
盲眼鹰,domain_1288
盲眼鹰,domain_1289
盲眼鹰,domain_1290
盲眼鹰,domain_1291
盲眼鹰,domain_1292
盲眼鹰,domain_1293
盲眼鹰,domain_1294
盲眼鹰,domain_1295
盲眼鹰,domain_1296
盲眼鹰,domain_1297
盲眼鹰,domain_1298
盲眼鹰,domain_1299
盲眼鹰,domain_1300
盲眼鹰,domain_1301
盲眼鹰,domain_1302
盲眼鹰,domain_1303
盲眼鹰,domain_1304
盲眼鹰,domain_1305
盲眼鹰,domain_1306
盲眼鹰,domain_1307
盲眼鹰,domain_1308
盲眼鹰,domain_1309
盲眼鹰,domain_1310
盲眼鹰,domain_1311
盲眼鹰,domain_1312
盲眼鹰,domain_1313
盲眼鹰,domain_1314
盲眼鹰,domain_1315
盲眼鹰,domain_1316
盲眼鹰,domain_1317
盲眼鹰,domain_1318
盲眼鹰,domain_1319
盲眼鹰,domain_1320
盲眼鹰,domain_1321
APT33,domain_1322
APT33,domain_1323
APT33,domain_1324
APT33,domain_1325
APT33,domain_1326
APT33,domain_1327
APT33,domain_1328
APT33,domain_1329
APT33,domain_1330
APT33,domain_1331
APT33,domain_1332
APT33,domain_1333
APT33,domain_1334
APT33,domain_1335
APT33,domain_1336
APT33,domain_1337
APT33,domain_1338
APT33,domain_1339
APT33,domain_1340
APT33,domain_1341
APT33,domain_1342
APT33,domain_1343
APT33,domain_1344
APT33,domain_1345
APT33,domain_1346
APT33,domain_1347
APT33,domain_1348
APT33,domain_1349
APT33,domain_1350
APT33,domain_1351
APT33,domain_1352
APT33,domain_1353
APT33,domain_1354
APT33,domain_1355
APT33,domain_1356
APT33,domain_1357
APT33,domain_1358
APT33,domain_1359
APT33,domain_1360
APT33,domain_1361
APT33,domain_1362
APT33,domain_1363
APT33,domain_1364
APT33,domain_1365
APT33,domain_1366
APT33,domain_1367
APT33,domain_1368
APT33,domain_1369
APT33,domain_1370
APT33,domain_1371