domain,value
domain_0,confusion-cerulean-samba.glitch.me,海莲花
domain_1,radeordaunt.com,
domain_2,ns2.radeordaunt.com,
domain_3,ijnlaghj.radeordaunt.com,
domain_4,mhggmmggnmggnhggmoggnlggmaggnoggmmggmfggngggmagg.ijnlaghj.radeordaunt.com,
domain_5,suricata.radeordaunt.com,
domain_6,ns1.radeordaunt.com,
domain_7,nnggmfggniggmbgg.ijklbkgn.hieryells.com,
domain_8,joggjhggjjggjoggjkggjogg.ijklbkgn.hieryells.com,
domain_9,nkggmlggnhggnlggmpggmcggmhggmiggmfggmfggmdggmiggmfggmfggmdgg.iknlbkgn.ma,
domain_10,iknlbkgn.maerferd.com,
domain_11,nnggmhggmcggmbggmlggniggidggngggmjgg.ijhlbkga.anessallie.com,
domain_12,sugary-tough-time.glitch.me,
domain_13,zabbisixeservice.com,
domain_14,cooperative-supreme-pisces.glitch.me,
domain_15,smooth-talented-runner.glitch.me,
domain_16,screeching-lavish-riverbed.glitch.me,
domain_17,mhggmeggmhggmcggnpggnjggnkggjgggidggjiggmkggjhggjmggjnggjhgg.iknlbkgn.maerferd.com,
domain_18,nlggnjggmlggniggidggngggmjgg.iknlbkgn.maerferd.com,
domain_19,ns1.maerferd.com,
domain_20,maerferd.com,
domain_21,ns2.maerferd.com,
domain_22,npggmkggmcggnkggmlggngggmcggidggmkggnhggmjggjoggjkgg.iknlbkgn.maerferd.com,
domain_23,elemental-future-cheetah.glitch.me,
domain_24,torpid-resisted-sugar.glitch.me,
domain_25,immense-plastic-pullover.glitch.me,
domain_26,chart.expocasheuro.com,
domain_27,expocasheuro.com,
domain_28,widgets.sannianban.com,
domain_29,filmdooni.net,
domain_30,huangheplaza.com,
domain_31,www.km170.com,
domain_32,km170.com,
domain_33,river-cliff-crate.glitch.me,
domain_34,gifted-boulder-transport.glitch.me,
domain_35,blecanyon.com,
domain_36,repo.blecanyon.com,
domain_37,centarget.com,
domain_38,www.centarget.com,
domain_39,phpmyadmin.centarget.com,
domain_40,live.techyfsdbjxx.com,
domain_41,panel.xiaodesign.net,
domain_42,www.xiaodesign.net,
domain_43,xiaodesign.net,
domain_44,gif.cnbc163news.com,
domain_45,vitmoda.ru,
domain_46,posmo.vitmoda.ru,
domain_47,www.dealtab.net,
domain_48,dealtab.net,
domain_49,sogoulabs.com,
domain_50,nymedsvcsystems.com,蔓灵花
domain_51,www.nymedsvcsystems.com,
domain_52,plprasvchost.net,
domain_53,www.comnmsgwrapsvc.net,
domain_54,nesiallservice.net,
domain_55,lltdifslogsvc.net,
domain_56,wizbizkidshow.biz,
domain_57,correntrollpanel.net,
domain_58,comnmsgwrapsvc.net,
domain_59,mail.comnmsgwrapsvc.net,
domain_60,www.plprasvchost.net,
domain_61,itsverify.socialpreviews.top,
domain_62,cjhl.socialpreviews.top,
domain_63,globaljobalert.socialpreviews.top,
domain_64,clicklo.createasocialcard.top,
domain_65,eventbrite.createasocialcard.top,
domain_66,loginaccounts.playapps.ga,
domain_67,com.playapps.ga,
domain_68,formfaca.social-card-share.top,
domain_69,socialgood.social-card-share.top,
domain_70,cres.social-card-share.top,
domain_71,starlit-croissant-73a9d3.social-card-share.top,
domain_72,appsupdate.net,
domain_73,rajasthanitadka.socialpreviews.top,
domain_74,mi-crack.socialpreviews.top,
domain_75,solutionsedu.socialpreviews.top,
domain_76,cutt.createasocialcard.top,
domain_77,discord.createasocialcard.top,
domain_78,tocanada.social-card-share.top,
domain_79,simcenter.social-card-share.top,
domain_80,matchmaster.social-card-share.top,
domain_81,washingtonews.social-card-share.top,
domain_82,createasocialcard.top,
domain_83,janboi.socialpreviews.top,
domain_84,yourverify.socialpreviews.top,
domain_85,fahimvai.socialpreviews.top,
domain_86,18livenews.socialpreviews.top,
domain_87,webmoretechnologies.createasocialcard.top,
domain_88,americanliftkits.createasocialcard.top,
domain_89,myfreeonlinecourses.createasocialcard.top,
domain_90,ticketsource.createasocialcard.top,
domain_91,chandlerrealestate.createasocialcard.top,
domain_92,xman.createasocialcard.top,
domain_93,philadelphiaunion.social-card-share.top,
domain_94,cybersn.social-card-share.top,
domain_95,nextgodigital.social-card-share.top,
domain_96,www.com.playapps.ga,
domain_97,mail.playapps.ga,
domain_98,www.loginaccounts.playapps.ga,
domain_99,slogina-trgovina.socialpreviews.top,
domain_100,backaaa.beijingdasihei.com,毒云藤
domain_101,moneyaaa.beijingdasihei.com,
domain_102,motices.ourhobby.com,
domain_103,laizaow.mefound.com,
domain_104,mediatvset.no-ip.org,
domain_105,givemea.ygto.com,
domain_106,cluster.safe360.dns05.com,
domain_107,www.safe360.dns05.com,
domain_108,rising.linkpc.net,
domain_109,mp3.dnset.com,
domain_110,bearingonly.rebatesrule.net,
domain_111,sl63aevesvaterload.net,
domain_112,search168sseeverload.net,
domain_113,en-mailbox-126.com,
domain_114,highmail2.com,
domain_115,u163seveacownload.net,
domain_116,emailfoxcat.com,
domain_117,tsinghua.emailfoxcat.com,
domain_118,accrss188seaverload.net,
domain_119,u163aevesconwload.net,
domain_120,u166sseeverload.net,
domain_121,p189conrentianwlaad.net,
domain_122,outlook.owa.yundwnload.com,
domain_123,fudant.yundwnload.com,
domain_124,263net.yundwnload.com,
domain_125,mfagov.yundwnload.com,
domain_126,netease-163.yundwnload.com,
domain_127,pku.yundwnload.com,
domain_128,ccpit.yundwnload.com,
domain_129,sz.yundwnload.com,
domain_130,sz.yundwnload.com,
domain_131,cstnet.yundwnload.com,
domain_132,hk117.yundwnload.com,
domain_133,sina.yundwnload.com,
domain_134,mfa.yundwnload.com,
domain_135,idcpc.yundwnload.com,
domain_136,qq.yundwnload.com,
domain_137,sharepoint.yundwnload.com,
domain_138,ttde.yundwnload.com,
domain_139,coscoshipping.yundwnload.com,
domain_140,exmail.yundwnload.com,
domain_141,bhferry.yundwnload.com,
domain_142,file.mail.10086cn.yundwnload.com,
domain_143,mofcomgov.yundwnload.com,
domain_144,escience.yundwnload.com,
domain_145,netease-cloud.yundwnload.com,
domain_146,exmail.qq.yundwnload.com,
domain_147,yundwnload.com,
domain_148,mofcom.yundwnload.com,
domain_149,catic.yundwnload.com,
domain_150,nelpec.top,响尾蛇
domain_151,www.nelpec.top,
domain_152,cdn.nelpec.top,
domain_153,www.fritor.xyz,
domain_154,cdn.fritor.xyz,
domain_155,fritor.xyz,
domain_156,microsoft-updates.servehttp.com,
domain_157,cdn.ubrig.live,
domain_158,ubrig.live,
domain_159,www.ubrig.live,
domain_160,paf-media.com,
domain_161,greploc.live,
domain_162,www.greploc.live,
domain_163,tray.balcon.live,
domain_164,balcon.live,
domain_165,treaty.balcon.live,
domain_166,cdn.greploc.live,
domain_167,bluket.live,
domain_168,trunk.bluket.live,
domain_169,track.bluket.live,
domain_170,mawazna.info,
domain_171,dsaf.mawazna.info,
domain_172,www.mawazna.info,
domain_173,ghaflah.top,
domain_174,www.ghaflah.top,
domain_175,cdn.ghaflah.top,
domain_176,awww.paf-gov.org,
domain_177,summer.paf-gov.org,
domain_178,paf-gov.org,
domain_179,finance.paf-gov.org,
domain_180,discount.kpt-gov.org,
domain_181,kpt-gov.org,
domain_182,www.kpt-gov.org,
domain_183,ksew.kpt-gov.org,
domain_184,polvcrit.info,
domain_185,www.bgevin.live,
domain_186,bgevin.live,
domain_187,www.polvcrit.info,
domain_188,cdn.bgevin.live,
domain_189,cdn.polvcrit.info,
domain_190,eterplicity.live,
domain_191,br.mofa-pk.org,
domain_192,mofa.g0v.cq.cn,
domain_193,rb.mofa-pk.org,
domain_194,mofa-pk.org,
domain_195,mail-mofa-gov-pk-satellite-proposal-for-pakistan-files-ops.netlify.app,
domain_196,mailh.alit.live,
domain_197,mailmofa.alit.live,
domain_198,bdmil.alit.live,
domain_199,www.alit.live,
domain_200,edit.wpsonline.co,Lazarus
domain_201,wpsonline.co,
domain_202,wps.wpsonline.co,
domain_203,drivegoogle.info,
domain_204,docs.drivegoogle.info,
domain_205,docs.cooporatestock.com,
domain_206,cooporatestock.com,
domain_207,doc.cooporatestock.com,
domain_208,inst.shconstmarket.com,
domain_209,1drvmicrosoft.com,
domain_210,share.1drvmicrosoft.com,
domain_211,hare.1drvmicrosoft.com,
domain_212,shconstmarket.com,
domain_213,www.documentshare.info,
domain_214,gdoc.wordonline.cloud,
domain_215,www.googlesheet.info,
domain_216,fclouddown.co,
domain_217,file.fclouddown.co,
domain_218,wordonline.cloud,
domain_219,nst.shconstmarket.com,
domain_220,documentshare.info,
domain_221,ww16.documentshare.info,
domain_222,trade.shconstmarket.com,
domain_223,cap.shconstmarket.com,
domain_224,le.fclouddown.co,
domain_225,ww.googlesheet.info,
domain_226,www.shconstmarket.com,
domain_227,googlesheet.info,
domain_228,doc.documentshare.info,
domain_229,cdn.wordonline.cloud,
domain_230,be52f500file.fclouddown.co,
domain_231,www.fclouddown.co,
domain_232,concrecapital.com,
domain_233,www.concrecapital.com,
domain_234,om.concrecapital.com,
domain_235,api.concrecapital.com,
domain_236,docs.mktrending.com,
domain_237,mktrending.com,
domain_238,www.mktrending.com,
domain_239,beta.bloomcloud.org,
domain_240,bloomcloud.org,
domain_241,share.bloomcloud.org,
domain_242,hare.bloomcloud.org,
domain_243,www.bloomcloud.org,
domain_244,orgshare.bloomcloud.org,
domain_245,web.shconstmarket.com,
domain_246,dps.shconstmarket.com,
domain_247,www.namchuncheon.co.kr,
domain_248,doc.documentworkspace.io,
domain_249,www.documentworkspace.io,
domain_250,bonimoni.xyz,摩诃草
domain_251,viterwin.club,
domain_252,office-fonts.herokuapp.com,
domain_253,dayspringdesk.xyz,
domain_254,support-office-us.herokuapp.com,
domain_255,www.slamburger.net,
domain_256,jizyajan.shop,
domain_257,taxofill.info,
domain_258,blingin.xyz,
domain_259,mamba.live,
domain_260,jusmine.xyz,
domain_261,blingin.shop,
domain_262,cpanel.pmogov.online,
domain_263,webdisk.pmogov.online,
domain_264,www.pmogov.online,
domain_265,webmail.pmogov.online,
domain_266,pmogov.online,
domain_267,mail.pmogov.online,
domain_268,bgre.kozow.com,
domain_269,portal.bgre.kozow.com,
domain_270,lite.bgre.kozow.com,
domain_271,www.bgre.kozow.com,
domain_272,webinstaller.online,
domain_273,sunshinereal.000webhostapp.com,
domain_274,www.karachidha.org,
domain_275,karachidha.org,
domain_276,www.frameworksupport.net,
domain_277,webdisk.frameworksupport.net,
domain_278,ftth.frameworksupport.net,
domain_279,cpanel.frameworksupport.net,
domain_280,webmail.frameworksupport.net,
domain_281,www.onlinestoreapp.net,
domain_282,onlinestoreapp.net,
domain_283,www.mailtranet.com,
domain_284,mailtranet.com,
domain_285,www.forest-fire.com,
domain_286,forest-fire.com,
domain_287,hostmaster.follow-ship.com,
domain_288,www.follow-ship.com,
domain_289,follow-ship.com,
domain_290,hostmaster.ezservicesenter.org,
domain_291,ezservicesenter.org,
domain_292,adrev22.ddns.net,
domain_293,simplechatpoint.ddns.net,
domain_294,philionschat.com,
domain_295,kashmir-n.com,
domain_296,sync.kashmir-n.com,
domain_297,www.kashmir-n.com,
domain_298,chatit.club,
domain_299,rrak.buzz,肚脑虫
domain_300,kotlinn.xyz,
domain_301,dayspringdesk.xyz,
domain_302,tobaccosafe.xyz,
domain_303,globalseasurfer.xyz,
domain_304,worldpro.buzz,
domain_305,whi.clipboardgames.xyz,
domain_306,wth.globalseasurfer.xyz,
domain_307,kpi.clipboardgames.xyz,
domain_308,doctorstrange.buzz,
domain_309,clipboardgames.xyz,
domain_310,esr.suppservices.xyz,
domain_311,fitnesscheck.xyz,
domain_312,beetelson.xyz,
domain_313,ser.dermlogged.xyz,
domain_314,srvrfontsdrive.xyz,
domain_315,rauflaker.xyz,
domain_316,worldoptions.buzz,
domain_317,worldoptions.top,
domain_318,microsoft-updates.servehttp.com,
domain_319,sap2010-b6458.firebaseio.com,
domain_320,searchindexservices.xyz,
domain_321,inf.searchindexservices.xyz,
domain_322,dermlogged.xyz,
domain_323,calvya.xyz,
domain_324,germsandwaterbro.buzz,
domain_325,mangasiso.top,
domain_326,eatsleepgymrepeat.top,
domain_327,captainamericass.top,
domain_328,www.worksolution.buzz,
domain_329,worksolution.buzz,
domain_330,who.worksolution.buzz,
domain_331,rebutuoy.xyz,
domain_332,gamz.flashnotederby.xyz,
domain_333,flashnotederby.xyz,
domain_334,rus.feedpolicy.xyz,
domain_335,mak.logupdates.xyz,
domain_336,www.logupdates.xyz,
domain_337,feedpolicy.xyz,
domain_338,logupdates.xyz,
domain_339,param.drivethrough.top,
domain_340,househomess.xyz,
domain_341,wrd.intector.xyz,
domain_342,intector.xyz,
domain_343,suppservices.xyz,
domain_344,carefile.icu,
domain_345,www.carefile.icu,
domain_346,kokoo.live,
domain_347,bookservices.xyz,
domain_348,log.bookservices.xyz,
domain_349,greenlabelstud.000space.com,黑店
domain_350,thenewesthta.mypressonline.com,
domain_351,42world.net,
domain_352,www.42world.net,
domain_353,hostmaster.42world.net,
domain_354,dailyupdate.110mb.com,
domain_355,autoupdafree.my5gigs.com,
domain_356,gamepia008.my5gigs.com,
domain_357,autoupdatefreee.my5gigs.com,
domain_358,fsm-gov.com,
domain_359,mail.fsm-gov.com,
domain_360,cpcontacts.fsm-gov.com,
domain_361,webmail.fsm-gov.com,
domain_362,cpcalendars.fsm-gov.com,
domain_363,webdisk.fsm-gov.com,
domain_364,cpanel.fsm-gov.com,
domain_365,www.fsm-gov.com,
domain_366,mx4.youmiuri.com,
domain_367,eeb71bfffffff6c.disknxt.com,
domain_368,df1472x.disknxt.com,
domain_369,differentfor.com,
domain_370,comabc.mbusabc.com,
domain_371,static.spffusa.org,
domain_372,resorce.officehoster.com,
domain_373,sseekk.sseekk.xyz,
domain_374,w.youmiuri.com,
domain_375,mx.youmiuri.com,
domain_376,df147sx.disknxt.com,
domain_377,disknxt.com,
domain_378,d471sx.disknxt.com,
domain_379,d471sx.disknxt.com,
domain_380,mbusabc.com,
domain_381,clientappca.youmiuri.com,
domain_382,www.sseekk.xyz,
domain_383,6beffb71.disknxt.com,
domain_384,mail.youmiuri.com,
domain_385,officehoster.com,
domain_386,resource.officehoster.com,
domain_387,fe6beb71c.disknxt.com,
domain_388,spffusa.org,
domain_389,unifi.mbusabc.com,
domain_390,autodiscover.mbusabc.com,
domain_391,6bfeeb71.disknxt.com,
domain_392,ftf.youmiuri.com,
domain_393,abc.disknxt.com,
domain_394,aaa.disknxt.com,
domain_395,api.youmiuri.com,
domain_396,www.disknxt.com,
domain_397,d.differentfor.com,
domain_398,esource.officehoster.com,
domain_399,faetymhkmemuv.com,人面狮
domain_400,xnvxmdujhycgicmgso.com,
domain_401,fkqrjsghoradylfslg.com,
domain_402,wydvmjaantfg.com,
domain_403,dnjvsqdkisxqtbyghsm.com,
domain_404,iutwddseukcdplwpslq.com,
domain_405,dvwtcefqgfnixlrdb.com,
domain_406,www.wooddown.com,
domain_407,ww92.wooddown.com,
domain_408,ww2.wooddown.com,
domain_409,wooddown.com,
domain_410,hsbc-auth-2.ru,
domain_411,www.ru-id21387192837.com,
domain_412,p27dokhpz2n7nvgr.1lseoi.top,
domain_413,www.dolfexalto.com,
domain_414,dolfexalto.com,
domain_415,kronobor.com,
domain_416,ks-davis.com,
domain_417,www.ks-davis.com,
domain_418,www.jbrktqnxklmuf.info,
domain_419,sirnon1956ge.ddns.net,
domain_420,win.kows.mooo.com,
domain_421,certificationforinfinitylifeexp.com,
domain_422,xorphpkiyerfklhbd.com,
domain_423,nkayhhtvubwvp.com,
domain_424,www.vepolyblerqplclarbp.com,
domain_425,plrgcyms.com,
domain_426,xcwdriwywbildnhpg.com,
domain_427,vrnixstxftvpfo.com,
domain_428,gqgutpppwgrhxolkhl.com,
domain_429,vepolyblerqplclarbp.com,
domain_430,vliiflsilgr.com,
domain_431,www.vliiflsilgr.com,
domain_432,hxstuylhmnxipiqvi.com,
domain_433,www.hxstuylhmnxipiqvi.com,
domain_434,yupxlwanvky.com,
domain_435,derrwpsasaui.com,
domain_436,dasifosafjasfhasf.com,
domain_437,fdsjfjdsfjdsjfdjsfh.com,
domain_438,representis.xyz,
domain_439,dsdjfhdsufudhjas.com,
domain_440,kasfajfsafhasfhaf.com,
domain_441,fdsjfjdsfjdsdsjajjs.com,
domain_442,dsjdjsjdsadhasdas.com,
domain_443,idisaudhasdhasdj.com,
domain_444,representis.icu,
domain_445,maytermsmodiall.at,
domain_446,deepmoler.at,
domain_447,maxirepricer.com,
domain_448,www.idisaudhasdhasdj.com,
domain_449,walker.shopbopstar.top,黑格莎
domain_450,comcleanner.info,
domain_451,www.comcleanner.info,
domain_452,goodhk.azurewebsites.net,
domain_453,sixindent.epizy.com,
domain_454,zeplin.atwebpages.com,
domain_455,petuity.shopbopstar.top,
domain_456,console.hangro.net,
domain_457,www.phpvlan.com,
domain_458,adobeinfo.shopbopstar.top,
domain_459,x1.billbord.net,
domain_460,info.hangro.net,
domain_461,register.welehope.com,
domain_462,ww1.rapidcomments.com,索伦之眼
domain_463,csrv.rapidcomments.com,
domain_464,rapidcomments.com,
domain_465,www.rapidcomments.com,
domain_466,csrv01.rapidcomments.com,
domain_467,00004h.abqqa3aaneag4adoaaxaacqabiaeqa.a.bikessport.com,
domain_468,flowershop22.110mb.com,
domain_469,j.bikessport.com,
domain_470,bikessport.com,
domain_471,agc9221.bikessport.com,
domain_472,a.bikessport.com,
domain_473,myhomemusic.com,
domain_474,www.myhomemusic.com,
domain_475,www.bikessport.com,
domain_476,wildhorses.awardspace.info,
domain_477,00000h.omagsadoabtaa1yaeaahmabraaxaam.a.bikessport.com,
domain_478,chirotherapie.at,
domain_479,weingut-haider-malloth.at,
domain_480,windward-trading.biz,
domain_481,windward-trading.biz,
domain_482,liebstoecklco.at,
domain_483,der-wein.at,
domain_484,mycruiseship.net,
domain_485,display24.at,
domain_486,ping.sideways.ru,
domain_487,sba-messebau.at,
domain_488,easterncredit.net,
domain_489,lydia-leydolf.at,
domain_490,utc-wien.at,
domain_491,kitten-268.frge.io,奇幻熊
domain_492,caribou-forge-server.new.c66.me,
domain_493,monkey-129.getforge.site,
domain_494,www.kompartpomiar.pl,
domain_495,kompartpomiar.pl,
domain_496,mail.kompartpomiar.pl,
domain_497,www.specialityllc.com,
domain_498,eo2mxtqmeqzafqi.m.pipedream.net,
domain_499,33655990.cyou,
domain_500,32689659.xyz,
domain_501,150520213.space,
domain_502,www.32689659.xyz,
domain_503,www.33655990.cyou,
domain_504,32689657.xyz,
domain_505,99996665550.fun,
domain_506,1681683130.website,
domain_507,www.1681683130.website,
domain_508,www.16868138130.space,
domain_509,www.150520213.space,
domain_510,32689658.xyz,
domain_511,16868138130.space,
domain_512,www.32689657.xyz,
domain_513,www.150520212.space,
domain_514,www.15052021.space,
domain_515,www.32689658.xyz,
domain_516,150520212.space,
domain_517,2055.site,
domain_518,mail.2055.site,
domain_519,www.2055.site,
domain_520,name4050.com,
domain_521,ww6.name4050.com,
domain_522,name1d.site,
domain_523,www.name1d.site,
domain_524,www.name4050.com,
domain_525,ww5.name4050.com,
domain_526,mail.1833.site,
domain_527,1833.site,
domain_528,www.1833.site,
domain_529,1000020.xyz,
domain_530,www.1000020.xyz,
domain_531,wordkeyvpload.net,
domain_532,www.wordkeyvpload.net,
domain_533,webdisk.cercoselectricos.cl,
domain_534,pwametalurgica.com.br,
domain_535,saleswarriorinc.com,
domain_536,cercoselectricos.cl,
domain_537,mail.alphabitconsulting.com,
domain_538,ftp.englishlessons-houston.com,
domain_539,mail.flammaautomoveis.com.br,
domain_540,maildocument.serveuser.com,蓝宝菇
domain_541,su3856.wikaba.com,
domain_542,klsd_afj.zzxu.com,
domain_543,www.luminix.kr,APT37
domain_544,mail.luminix.kr,
domain_545,luminix.kr,
domain_546,buttyfly.000webhostapp.com,
domain_547,547857.c1.biz,
domain_548,65487.c1.biz,
domain_549,work3.b4a.app,
domain_550,www.hanainternational.net,
domain_551,hanainternational.net,
domain_552,www.bigfilemail.net,
domain_553,bigfilemail.net,
domain_554,www.price365.co.kr,
domain_555,mail.price365.co.kr,
domain_556,price365.co.kr,
domain_557,lit-peak-25706.herokuapp.com,
domain_558,www.casaabadia.es,
domain_559,casaabadia.es,
domain_560,mail.dailynk.us,
domain_561,www.dailynk.us,
domain_562,smtp.acl-medias.fr,
domain_563,mx.christinadudley.com,
domain_564,edd.kswebdesign.eu,
domain_565,pop3.acl-medias.fr,
domain_566,kswebdesign.eu,
domain_567,posmyk.kswebdesign.eu,
domain_568,www.kswebdesign.eu,
domain_569,www.christinadudley.com,
domain_570,www.acl-medias.fr,
domain_571,www.fd-com.fr,
domain_572,scannmed.kswebdesign.eu,
domain_573,mail.acl-medias.fr,
domain_574,wach.kswebdesign.eu,
domain_575,wojtek.kswebdesign.eu,
domain_576,acl-medias.fr,
domain_577,fd-com.fr,
domain_578,icecool.kswebdesign.eu,
domain_579,christinadudley.com,
domain_580,imap.acl-medias.fr,
domain_581,mail.summitz.com,
domain_582,mamoda.kswebdesign.eu,
domain_583,travallpresta.kswebdesign.eu,
domain_584,stella.kswebdesign.eu,
domain_585,ftp.acl-medias.fr,
domain_586,mail.kswebdesign.eu,
domain_587,table.jquery.services,
domain_588,storage.jquery.services,
domain_589,treeview.jquery.services,
domain_590,api.jquery.services,
domain_591,goodbizez.com,方程式
domain_592,mashinkhabar.com,
domain_593,fnlpic.com,
domain_594,functional-business.com,
domain_595,technicupdate.com,
domain_596,sherkhundi.com,
domain_597,www.nowruzbakher.com,
domain_598,ns1.247adbiz.net,
domain_599,www.suddenplot.com,
domain_600,hostmaster.technicupdate.com,
domain_601,www.technicserv.com,
domain_602,hostmaster.afkarehroshan.com,
domain_603,www.suddenplot.com,
domain_604,hostmaster.technicupdate.com,
domain_605,hostmaster.selective-business.com,
domain_606,hostmaster.serv-load.com,
domain_607,technology-revealed.com,
domain_608,www.businessedgeadvance.com,
domain_609,parskabab.com,
domain_610,crisptic01.net,
domain_611,247adbiz.net,
domain_612,team4heat.net,
domain_613,customerscreensavers.com,
domain_614,subad-server.com,
domain_615,adservicestats.com,
domain_616,ad-noise.net,
domain_617,suddenplot.com,
domain_618,selective-business.com,
domain_619,goldadpremium.com,
domain_620,brittlefilet.com,
domain_621,customerscreensavers.com,
domain_622,subad-server.com,
domain_623,ghalibaft.com,
domain_624,goldadpremium.com,
domain_625,selective-business.com,
domain_626,ns3.247adbiz.net,
domain_627,www.platads.com,
domain_628,www.islamicmarketing.net,
domain_629,hostmaster.webbizwild.com,
domain_630,www.adsbizsimple.com,
domain_631,hostmaster.ghalibaft.com,
domain_632,hostmaster.monster-ads.net,
domain_633,hostmaster.webbizwild.com,
domain_634,housedman.com,
domain_635,www.darakht.com,
domain_636,hostmaster.businessdealsblog.com,
domain_637,www.speedynewsclips.com,
domain_638,www.businessdirectnessource.com,
domain_639,ww3.computertechanalysis.com,
domain_640,havakhosh.com,
domain_641,bonimoni.xyz,魔罗桫
domain_642,viterwin.club,
domain_643,mofa-pk-server.live,
domain_644,jizyajan.shop,
domain_645,darazpicodi.online,
domain_646,plankopin.world,
domain_647,taxofill.info,
domain_648,job.funtifu.live,
domain_649,fbr.news,
domain_650,fbr.support-team.tech,
domain_651,www.funtifu.live,
domain_652,pemra.email,
domain_653,www.file-dnld.com,
domain_654,api.priveetalk.com,
domain_655,production.funtifu.live,
domain_656,front.funtifu.live,
domain_657,hotel.funtifu.live,
domain_658,fbr-update.com,
domain_659,mail.pemra.email,
domain_660,mail.defencepk.email,
domain_661,pirnaram.xyz,
domain_662,mail.pakistanarmy.email,
domain_663,www.support-team.tech,
domain_664,funtifu.live,
domain_665,hrm.funtifu.live,
domain_666,cnic-update.com,
domain_667,c.mailerservice.directory,
domain_668,web.mailerservice.directory,
domain_669,ispr.email,
domain_670,www.fbr-update.com,
domain_671,mailerservice.directory,
domain_672,r.mailerservice.directory,
domain_673,mail.ispr.email,
domain_674,cnic-ferify.live,
domain_675,esign.funtifu.live,
domain_676,parinari.xyz,
domain_677,pakistanarmy.email,
domain_678,file-dnld.com,
domain_679,download.fbr.tax,
domain_680,defencepk.email,
domain_681,mail.fbr.news,
domain_682,support-team.tech,
domain_683,www.mailerservice.directory,
domain_684,panel.mailerservice.directory,
domain_685,o.mailerservice.directory,
domain_686,pmogovpk.email,
domain_687,mail.coremailxt5mainjsp.com,
domain_688,coremailxt5mainjsp.com,
domain_689,cpcalendars.coremailxt5mainjsp.com,
domain_690,webmail.coremailxt5mainjsp.com,
domain_691,notify.growlupdate.com,Longhorn
domain_692,cdn.fmlstatic.com,
domain_693,uaefinance.org,
domain_694,financasdebrasil.com,
domain_695,fmlstatic.com,
domain_696,web.financasdebrasil.com,
domain_697,mailhost.wnupdnew.com,
domain_698,wnupdnew.com,
domain_699,info.wnupdnew.com,
domain_700,newmail.wnupdnew.com,
domain_701,smtp.wnupdnew.com,
domain_702,www.wnupdnew.com,
domain_703,ns2.wnupdnew.com,
domain_704,new.wnupdnew.com,
domain_705,exchange.wnupdnew.com,
domain_706,www.api.teknikgorus.com,
domain_707,mail.teknikgorus.com,
domain_708,teknikgorus.com,
domain_709,www.teknikgorus.com,
domain_710,api.teknikgorus.com,
domain_711,shayalyawm.com,
domain_712,www.shayalyawm.com,
domain_713,www.mdeastserv.com,
domain_714,mdeastserv.com,
domain_715,img.dealscienters.net,
domain_716,elehenishing.com,
domain_717,babmaftuh.com,
domain_718,www.babmaftuh.com,
domain_719,smtp.alwatantrade.com,
domain_720,gci.alwatantrade.com,
domain_721,alwatantrade.com,
domain_722,api.alwatantrade.com,
domain_723,www.alwatantrade.com,
domain_724,mail.alwatantrade.com,
domain_725,mail.almawaddrial.com,
domain_726,almawaddrial.com,
domain_727,www.almawaddrial.com,
domain_728,www2.uaefinance.org,
domain_729,www.wethe6and9.ca,CozyBear
domain_730,autodiscover.porodicno.ba,
domain_731,cpcontacts.wethe6and9.ca,
domain_732,ftp.wethe6and9.ca,
domain_733,www.porodicno.ba,
domain_734,cpcalendars.porodicno.ba,
domain_735,webdisk.wethe6and9.ca,
domain_736,porodicno.ba,
domain_737,ftp.porodicno.ba,
domain_738,mail.porodicno.ba,
domain_739,webmail.wethe6and9.ca,
domain_740,www.root.porodicno.ba,
domain_741,root.porodicno.ba,
domain_742,www.erestaurantconsulting.wethe6and9.ca,
domain_743,tommissios.wethe6and9.ca,
domain_744,erc1.wethe6and9.ca,
domain_745,www.tommissios.wethe6and9.ca,
domain_746,webmail.porodicno.ba,
domain_747,foodzonesafe.wethe6and9.ca,
domain_748,cpcalendars.wethe6and9.ca,
domain_749,dc-d36c6814c785.wethe6and9.ca,
domain_750,www.foodzonesafe.wethe6and9.ca,
domain_751,www.eprg.wethe6and9.ca,
domain_752,wethe6and9.ca,
domain_753,cpanel.wethe6and9.ca,
domain_754,cpanel.porodicno.ba,
domain_755,www.erc1.wethe6and9.ca,
domain_756,erestaurantconsulting.wethe6and9.ca,
domain_757,cpcontacts.porodicno.ba,
domain_758,mail.wethe6and9.ca,
domain_759,webdisk.porodicno.ba,
domain_760,webdisk.agencijazaregistraciju.rs,
domain_761,webmail.agencijazaregistraciju.rs,
domain_762,agencijazaregistraciju.rs,
domain_763,cpanel.agencijazaregistraciju.rs,
domain_764,autodiscover.agencijazaregistraciju.rs,
domain_765,mail.agencijazaregistraciju.rs,
domain_766,ftp.agencijazaregistraciju.rs,
domain_767,cpcontacts.agencijazaregistraciju.rs,
domain_768,cpcalendars.agencijazaregistraciju.rs,
domain_769,nopogew.com,
domain_770,bacionera.top,
domain_771,sobolpand.top,
domain_772,mta1.stsnews.com,
domain_773,mail01.stsnews.com,
domain_774,relay2.stsnews.com,
domain_775,server.stsnews.com,
domain_776,mailhost.stsnews.com,
domain_777,correo.stsnews.com,
domain_778,pcocot.com,
domain_779,cyberazov.tk,Turla
domain_780,worldnews.ath.cx,
domain_781,cyberazov.com,
domain_782,stopwar.pro,
domain_783,testnexus1123.tk,
domain_784,dream.pics,
domain_785,baltdefcol.webredirect.org,
domain_786,jadlactnato.webredirect.org,
domain_787,wkoinfo.webredirect.org,
domain_788,d3hdbjtb1686tn.cloudfront.net,
domain_789,f0304768.xsph.ru,
domain_790,www.libreo.club,
domain_791,smtp.evapimplogs.com,
domain_792,t1.xofinity.com,
domain_793,www.kpybuhnosdrm.in,
domain_794,www.xfyubqmldwvuyar.yt,
domain_795,xsso.kpybuhnosdrm.in,
domain_796,kpybuhnosdrm.in,
domain_797,pashamasha.top,
domain_798,markham-travel.com,
domain_799,www.balletmaniacs.com,
domain_800,www.markham-travel.com,
domain_801,mail.markham-travel.com,
domain_802,zebra.wikaba.com,
domain_803,cpanel.belcollegium.org,
domain_804,old.belcollegium.org,
domain_805,www.berlinguas.com,
domain_806,belcollegium.org,
domain_807,www.belcollegium.org,
domain_808,ws.aiisa.am,
domain_809,wp.soligro.com,
domain_810,shop.soligro.com,
domain_811,store.soligro.com,
domain_812,soligro.com,
domain_813,aiisa.am,
domain_814,mail.aiisa.am,
domain_815,www.aiisa.am,
domain_816,mvideo.aiisa.am,
domain_817,www.soligro.com,
domain_818,www.skategirlchina.com,
domain_819,www.armconsul.ru,
domain_820,skategirlchina.com,
domain_821,intellicast.ath.cx,
domain_822,mightydollars.xyz,
domain_823,tangotangocash.com,
domain_824,e17794808ecfe7e1.xyz,
domain_825,www.thecreativebharat.com,
domain_826,mail.mehatinfo.com,
domain_827,kt.saithingware.ru,
domain_828,cooljin100.ddns.net,
domain_829,helloworld.bounceme.net,拍拍熊
domain_830,adamnews.for.ug,
domain_831,webhoptest.webhop.info,
domain_832,mmksba.simple-url.com,
domain_833,mmksba.dyndns.org,
domain_834,new2019.mine.nu,
domain_835,pubs.sawarim.com,
domain_836,sawarim.com,
domain_837,go.sawarim.com,
domain_838,www.sawarim.com,
domain_839,download3.pubs.sawarim.com,
domain_840,go.sawarim.xyz,
domain_841,pubs.sawarim.xyz,
domain_842,sawarim.xyz,
domain_843,go.sawar.im,
domain_844,sawar.im,
domain_845,download3.pubs.sawar.im,
domain_846,www.sawar.im,
domain_847,pubs.sawar.im,
domain_848,isdarats.com,
domain_849,sorry.duckdns.org,
domain_850,da3da3.duckdns.org,
domain_851,samd1.duckdns.org,
domain_852,btcaes2.duckdns.org,
domain_853,samd2.duckdns.org,
domain_854,www.sawarim.pw,
domain_855,www.androids-app.com,
domain_856,www.sawarim.net,
domain_857,sawarim.net,
domain_858,go.sawarim.net,
domain_859,snapcard.argia.co.id,
domain_860,androids-app.com,
domain_861,mail.androids-app.com,
domain_862,www.sorry.duckdns.org,
domain_863,www.samd1.duckdns.org,
domain_864,www.da3da3.duckdns.org,
domain_865,www.btcaes2.duckdns.org,
domain_866,www.isdarats.pw,
domain_867,isdarats.pw,
domain_868,download-revo.vercel.app,黄金鼠
domain_869,chatsafe.tecnova.com.br,
domain_870,download-telegram.vercel.app,
domain_871,chat.guardz.ru,
domain_872,chatmode.us.to,
domain_873,chat.queerline.de,
domain_874,295.yao.cl,
domain_875,sex17.us.to,
domain_876,encryptit.qc.to,
domain_877,privatehd.us.to,
domain_878,chatsecurelite.us.to,
domain_879,chatsecure.uk.to,
domain_880,chatsecurelite.uk.to,
domain_881,secureonline.info.tm,
domain_882,bashalalassad1sea.noip.me,
domain_883,bbbb4.noip.me,
domain_884,telgram.strangled.net,
domain_885,telegram.strangled.net,
domain_886,basharalassad1sea.noip.me,
domain_887,shamiamouhesni.mm.my,
domain_888,android.nard.ca,
domain_889,www.rhubarb3.com,军刀狮
domain_890,rhubarb3.com,
domain_891,mail.rhubarb3.com,
domain_892,mx.dlgmail.com,
domain_893,dlgmail.com,
domain_894,mail.dlgmail.com,
domain_895,www.dlgmail.com,
domain_896,www.dldocuments.com,
domain_897,dldocuments.com,
domain_898,mail.dldocuments.com,
domain_899,rhubarb2.com,
domain_900,www.rhubarb2.com,
domain_901,dlstube.com,
domain_902,fhjsdkla.com,
domain_903,adobeseupdater.com,
domain_904,www.androidupdaters.com,
domain_905,www.googleupdators.com,
domain_906,adobeactiveupdate.com,
domain_907,dlstubes.com,
domain_908,mail.androidupdaters.com,
domain_909,googleupdators.com,
domain_910,www.dlstubes.com,
domain_911,www.dlstube.com,
domain_912,entekhab10.xp3.biz,
domain_913,solar64.xp3.biz,
domain_914,androidupdaters.com,
domain_915,adobeactiveupdates.com,
domain_916,mta-sts.mail.androidupdaters.com,
domain_917,ww.rhubarb2.com,
domain_918,mail.dlstubes.com,
domain_919,www.askdownloaders.adobeactiveupdates.com,
domain_920,mail.dlstube.com,
domain_921,mail.adobeactiveupdate.com,
domain_922,mail.googleupdators.com,
domain_923,mail.adobeactiveupdates.com,
domain_924,askdownloaders.adobeactiveupdates.com,
domain_925,www.adobeactiveupdates.com,
domain_926,alnaharegypt.news,
domain_927,smtp.valtronics-ae.com,OilRig
domain_928,ww00000065q30.winodwsupdates.me,
domain_929,vilxgjdvibjaimqgq000.0ffice36o.com,
domain_930,ewa6p.0ffice36o.com,
domain_931,0ffice36o.com,
domain_932,ehbwgbsfuaq.0ffice36o.com,
domain_933,pxdogbrfuci.0ffice36o.com,
domain_934,t0qigbdviai0.0ffice36o.com,
domain_935,oj8jgbteyeq.0ffice36o.com,
domain_936,twghgjdviatvnvssa000.0ffice36o.com,
domain_937,oj8jgbteyeq.0ffice36o.com,
domain_938,bzu1t.0ffice36o.com,
domain_939,6ghzgf2ugmd4ji2vor2tgvkeutkf.0ffice36o.com,
domain_940,pokogbsfuby.0ffice36o.com,
domain_941,gltagjdviajakzxwy000.0ffice36o.com,
domain_942,v4e0.0ffice36o.com,
domain_943,lnm8gbrfudi.0ffice36o.com,
domain_944,ns2.0ffice36o.com,
domain_945,zosngbrfudy.0ffice36o.com,
domain_946,xt1zgbsfuci.0ffice36o.com,
domain_947,ngltagjdviajakzxwy000.0ffice36o.com,
domain_948,r7j5gbsvaca.0ffice36o.com,
domain_949,0ijqgfrf4md4jfdfgrzsgjge6tsgljmesncuijhvewcyiu.0ffice36o.com,
domain_950,pvyrgbsvady.0ffice36o.com,
domain_951,5rmfgbsfuby.0ffice36o.com,
domain_952,u1k5gfdhsmrqgq4hy000.0ffice36o.com,
domain_953,szok.0ffice36o.com,
domain_954,qxopgfteymd4ju2vgvzwgrkeqtkv.0ffice36o.com,
domain_955,6xoagbsfueq.0ffice36o.com,
domain_956,yyqagfzvwmd4j5ddiscdgjbe6uccgjaq.0ffice36o.com,
domain_957,fwvngbrfugq.0ffice36o.com,
domain_958,f4hbgfdhsmrqgq4hy000.0ffice36o.com,
domain_959,k1asgfdhsmrqgq4hy000.0ffice36o.com,
domain_960,royngbdviaa0.0ffice36o.com,
domain_961,l5yf.0ffice36o.com,
domain_962,hmxmgbrfufi.0ffice36o.com,
domain_963,susxgbrf4aa.0ffice36o.com,
domain_964,yj6hgbteydi.0ffice36o.com,
domain_965,pcbmgbsvaaa.0ffice36o.com,
domain_966,jkrngfdhsmrqgq4hy000.0ffice36o.com,
domain_967,iuccgjdvibdsnf3gk000.0ffice36o.com,
domain_968,foo.0ffice36o.com,
domain_969,3vzcgbrfubi.0ffice36o.com,
domain_970,c4yjgbrfueq.0ffice36o.com,
domain_971,1qmugjdvia3jnyqgi000.0ffice36o.com,
domain_972,1fclgfrf4mrqgq4hy.0ffice36o.com,
domain_973,svg4gf2ugmrqgq4hy.0ffice36o.com,
domain_974,lzoegbleiaa.0ffice36o.com,
domain_975,c2nl.0ffice36o.com,
domain_976,juldgbsfufi.0ffice36o.com,
domain_977,sygateway.com,MuddyWater
domain_978,www.sygateway.com,
domain_979,lalindustries.lalindustries.com,
domain_980,www.lalindustries.com,
domain_981,lalindustries.com,
domain_982,www.server.lalindustries.com,
domain_983,ftp.lalindustries.com,
domain_984,advanceorthocenter.com,
domain_985,www.advanceorthocenter.com,
domain_986,mail.advanceorthocenter.com,
domain_987,www.lalindustries.lalindustries.com,
domain_988,mail.lalindustries.com,
domain_989,server.lalindustries.com,
domain_990,mazzion1234-44451.portmap.host,
domain_991,snort.lauradesnoyers.com,
domain_992,oauth-services.live,
domain_993,office.otzo.com,
domain_994,windowsupdate.me,
domain_995,linkupdate.org,
domain_996,ampacindustries.com,
domain_997,oursort.co.za,
domain_998,blattoamsterdam.com,
domain_999,gilforsenate.com,
domain_1000,heritagetravelmw.com,
domain_1001,rashidalinawabshahi.com,
domain_1002,thebedspace.com,
domain_1003,webmail.oursort.co.za,
domain_1004,cpanel.oursort.co.za,
domain_1005,webmail.pkproud.com,
domain_1006,cpcontacts.pkproud.com,
domain_1007,csspmspk.coverpixs.com,
domain_1008,webmail.loansonhomes.co.za,
domain_1009,work.createch.solutions,
domain_1010,webmail.createch.solutions,
domain_1011,www.hillschannel.waohost.com,
domain_1012,hillschannel.waohost.com,
domain_1013,cpcalendars.anubandh.in,
domain_1014,www.studiodentisticoscialba.it.alessioborzuola.com,
domain_1015,cpcontacts.organisejournalise.co.za,
domain_1016,cpcalendars.anubandh.in,
domain_1017,webdisk.duotonedigital.co.za,
domain_1018,cpcontacts.britishofficefitout.com,
domain_1019,www.britishofficefitout.com,
domain_1020,test.bhsmusic.net,
domain_1021,cpanel.bhsmusic.net,
domain_1022,andrew-snyder.net,
domain_1023,bitteeth.com,
domain_1024,doc-viewer.com,APT35
domain_1025,tcp443.msupdate.us,
domain_1026,www.litby.us,
domain_1027,kcp53.msupdate.us,
domain_1028,tcp443.update.symantecserver.co,
domain_1029,www.service-management.tk,
domain_1030,tvp443.newdesk.top,
domain_1031,cp443.newdesk.top,
domain_1032,tcp443.tcp.kcp53.symantecserver.co,
domain_1033,update.tcp443.update.symantecserver.co,
domain_1034,tcp443.tcp.tcp443.symantecserver.co,
domain_1035,kcp53.update.symantecserver.co,
domain_1036,tcp443.tcp.symantecserver.co,
domain_1037,tcp.tcp443.update.symantecserver.co,
domain_1038,kcp53.tcp443.tcp.symantecserver.co,
domain_1039,microsoft-updateserver.cf,
domain_1040,service-management.tk,
domain_1041,google.onedriver-srv.ml,
domain_1042,newdesk.top,
domain_1043,tcp433.newdesk.top,
domain_1044,kcp53.tcp.update.tcp.symantecserver.co,
domain_1045,tcp.kcp53.tcp.symantecserver.co,
domain_1046,mimt.newdesk.top,
domain_1047,tcp43.newdesk.top,
domain_1048,ns2.msupdate.us,
domain_1049,tcp.tcp443.update.tcp.symantecserver.co,
domain_1050,kcp53.tcp.symantecserver.co,
domain_1051,tcp443.newdesk.top,
domain_1052,kw.newdesk.top,
domain_1053,symantecserver.co,
domain_1054,update.tcp443.tcp.symantecserver.co,
domain_1055,kcp53.tcp.update.symantecserver.co,
domain_1056,update.tcp443.kcp53.symantecserver.co,
domain_1057,tcp.tcp443.kcp53.symantecserver.co,
domain_1058,me.newdesk.top,
domain_1059,tcp443.update.tcp.symantecserver.co,
domain_1060,tcp.kcp53.tcp443.symantecserver.co,
domain_1061,tcp443.tcp.update.tcp.symantecserver.co,
domain_1062,tcp443.kcp53.tcp443.symantecserver.co,
domain_1063,tcp.newdesk.top,
domain_1064,update.tcp.update.tcp.symantecserver.co,
domain_1065,kcp53.update.kcp53.symantecserver.co,
domain_1066,mint.newdesk.top,
domain_1067,kcp53.newdesk.top,
domain_1068,tcp44.msupdate.us,
domain_1069,update.tcp.tcp443.symantecserver.co,
domain_1070,tcp443.update.kcp53.symantecserver.co,
domain_1071,tcp.update.kcp53.symantecserver.co,
domain_1072,update.tcp.kcp53.symantecserver.co,
domain_1073,beta.bloomcloud.org,APT38
domain_1074,bloomcloud.org,
domain_1075,share.bloomcloud.org,
domain_1076,hare.bloomcloud.org,
domain_1077,www.bloomcloud.org,
domain_1078,orgshare.bloomcloud.org,
domain_1079,cpanel.hobobot.net,
domain_1080,blockchaincapital.hobobot.net,
domain_1081,autodiscover.hobobot.net,
domain_1082,hobobot.net,
domain_1083,crypto.blockchaincapital.space,
domain_1084,mail.hobobot.net,
domain_1085,webdisk.hobobot.net,
domain_1086,cpcalendars.hobobot.net,
domain_1087,cpcontacts.hobobot.net,
domain_1088,www.hobobot.net,
domain_1089,webmail.hobobot.net,
domain_1090,beenos.biz,
domain_1091,cloud.beenos.biz,
domain_1092,www.gdocsdown.com,
domain_1093,gdocsdown.com,
domain_1094,gsheet.gdocsdown.com,
domain_1095,www.venturelabo.co,
domain_1096,ns1.sharedocs.xyz,
domain_1097,download.gdriveupload.site,
domain_1098,client.googleapis.online,
domain_1099,bitcoinnews.mefound.com,
domain_1100,docs.goglesheet.com,
domain_1101,gdriveupload.info,
domain_1102,kraken-dev.com,
domain_1103,outletalertsdaily.com,
domain_1104,tokentrack.mrbasic.com,
domain_1105,share.docuserver.xyz,
domain_1106,bhomes.cc,
domain_1107,abiesvc.jp.net,
domain_1108,att.gdrvupload.xyz,
domain_1109,azureword.com,
domain_1110,mail.gdriveupload.info,
domain_1111,upload.gdrives.best,
domain_1112,hostmaster.documentprotect.live,
domain_1113,drw.capital,
domain_1114,mail.drw.capital,
domain_1115,postmaster.fastdown.site,
domain_1116,file.venturelabo.co,
domain_1117,cpcalendars.mclland.com,
domain_1118,webmail.mclland.com,
domain_1119,webdisk.mclland.com,
domain_1120,www.onlinedoc.dev,
domain_1121,mail.coin-squad.co,
domain_1122,blog.cloudsecure.space,
domain_1123,mail.xxdzts.com,Kimsuky
domain_1124,autodiscover.xxdzts.com,
domain_1125,www.xxdzts.com,
domain_1126,xxdzts.com,
domain_1127,autoconfig.xxdzts.com,
domain_1128,sectionss.scienceontheweb.net,
domain_1129,accountverify.hmail.us,
domain_1130,21nari.scienceontheweb.net,
domain_1131,tw.dmengineer.co.kr,
domain_1132,mails.dmengineer.co.kr,
domain_1133,leehr36.mypressonline.com,
domain_1134,o61666ch.getenjoyment.net,
domain_1135,cs.dmengineer.co.kr,
domain_1136,mail3.dmengineer.co.kr,
domain_1137,leejong-sejong.blogspot.com,
domain_1138,sniper.dmengineer.co.kr,
domain_1139,exchange.dmengineer.co.kr,
domain_1140,hermes.dmengineer.co.kr,
domain_1141,hochuliasdfasfdncheon.mypressonline.com,
domain_1142,thor.dmengineer.co.kr,
domain_1143,mailapp.dmengineer.co.kr,
domain_1144,mx3.dmengineer.co.kr,
domain_1145,box.dmengineer.co.kr,
domain_1146,zmail.dmengineer.co.kr,
domain_1147,kpsa20201.getenjoyment.net,
domain_1148,relay.dmengineer.co.kr,
domain_1149,www.dmengineer.co.kr,
domain_1150,owa.dmengineer.co.kr,
domain_1151,21nari.getenjoyment.net,
domain_1152,chunyg21.sportsontheweb.net,
domain_1153,yulsohnyonsei.medianewsonline.com,
domain_1154,faust22.mypressonline.com,
domain_1155,eml.dmengineer.co.kr,
domain_1156,antispam.dmengineer.co.kr,
domain_1157,ns3.dmengineer.co.kr,
domain_1158,smtpseguro.dmengineer.co.kr,
domain_1159,internet.dmengineer.co.kr,
domain_1160,3a8f846675194d779198.blogspot.com,
domain_1161,glib-warnings.000webhostapp.com,
domain_1162,koreajjjjj.sportsontheweb.net,
domain_1163,weworld78.atwebpages.com,
domain_1164,hochulincddheon.mypressonline.com,
domain_1165,hochulindcheon.mypressonline.com,
domain_1166,mx0.dmengineer.co.kr,
domain_1167,gate.dmengineer.co.kr,
domain_1168,mx02.dmengineer.co.kr,
domain_1169,server1.dmengineer.co.kr,
domain_1170,com.dmengineer.co.kr,
domain_1171,chmguide.atwebpages.com,
domain_1172,weworld59.myartsonline.com,
domain_1173,tuschbrothersbrewery.com,FIN7
domain_1174,mail.essentialsmassageanddayspa.com,
domain_1175,www.essentialsmassageanddayspa.com,
domain_1176,essentialsmassageanddayspa.com,
domain_1177,whiteheadscanesyrup.com,
domain_1178,tnskvggujjqfcskwk.com,
domain_1179,bypassociation.com,
domain_1180,time.astara20.com,
domain_1181,network.astara20.com,
domain_1182,www.coincidencious.com,
domain_1183,www.astara20.com,
domain_1184,astara20.com,
domain_1185,config.astara20.com,
domain_1186,coincidencious.com,
domain_1187,www.spontaneousance.com,
domain_1188,electroncador.com,
domain_1189,www.electroncador.com,
domain_1190,incongruousance.com,
domain_1191,fashionableeder.com,
domain_1192,www.incongruousance.com,
domain_1193,spontaneousance.com,
domain_1194,domenuscdm.com,
domain_1195,www.domenuscdm.com,
domain_1196,hostmaster.api.myshortbio.com,
domain_1197,modestoobgyn.com,
domain_1198,www.modestoobgyn.com,
domain_1199,hostmaster.myshortbio.com,
domain_1200,hostmaster.www.myshortbio.com,
domain_1201,myshortbio.com,
domain_1202,findoutcredit.com,
domain_1203,bestsecure2020.com,
domain_1204,www.myshortbio.com,
domain_1205,www.internethabit.com,
domain_1206,api.myshortbio.com,
domain_1207,www.bestsecure2020.com,
domain_1208,www.estetictrance.com,
domain_1209,internethabit.com,
domain_1210,estetictrance.com,
domain_1211,againcome.com,
domain_1212,chyprediction.com,
domain_1213,physiciansofficenews.com,
domain_1214,thechinastyle.com,
domain_1215,mail.thechinastyle.com,
domain_1216,www.thechinastyle.com,
domain_1217,mail.physiciansofficenews.com,
domain_1218,www.physiciansofficenews.com,
domain_1219,www.craptioerne.com,
domain_1220,hilariousology.com,
domain_1221,wisecrackism.com,
domain_1222,keywordsance.com,
domain_1223,nicoledotson.icu,双尾蝎
domain_1224,webdisk.nicoledotson.icu,
domain_1225,mail.nicoledotson.icu,
domain_1226,www.nicoledotson.icu,
domain_1227,cpanel.nicoledotson.icu,
domain_1228,rootx.ddns.net,
domain_1229,angela-bishop.com,
domain_1230,www.sknzy-mysl.vip,
domain_1231,sknzy-mysl.vip,
domain_1232,frances-thomas.com,
domain_1233,jarah-zeiman.website,
domain_1234,wanda-bell.website,
domain_1235,scott-chapin.com,
domain_1236,fausto-barb.website,
domain_1237,cpcalendars.frances-thomas.com,
domain_1238,ww7.javan-demsky.website,
domain_1239,www.frances-thomas.com,
domain_1240,javan-demsky.website,
domain_1241,www.linda-gaytan.website,
domain_1242,david-gardiner.website,
domain_1243,mail.frances-thomas.com,
domain_1244,amanda-hart.website,
domain_1245,webdisk.frances-thomas.com,
domain_1246,mail.amanda-hart.website,
domain_1247,www.javan-demsky.website,
domain_1248,linda-gaytan.website,
domain_1249,www.david-gardiner.website,
domain_1250,autodiscover.frances-thomas.com,
domain_1251,cpanel.frances-thomas.com,
domain_1252,mail.jarah-zeiman.website,
domain_1253,www.wanda-bell.website,
domain_1254,www.jarah-zeiman.website,
domain_1255,www.fausto-barb.website,
domain_1256,mail.mozelllittel.com,
domain_1257,pam-beesly.site,
domain_1258,www.grace-fraser.site,
domain_1259,cpcalendars.mozelllittel.com,
domain_1260,cpanel.mozelllittel.com,
domain_1261,whm.grace-fraser.site,
domain_1262,webmail.mozelllittel.com,
domain_1263,mozelllittel.com,
domain_1264,cpcontacts.mozelllittel.com,
domain_1265,grace-fraser.site,
domain_1266,www.mozelllittel.com,
domain_1267,webdisk.mozelllittel.com,
domain_1268,cooperron.me,
domain_1269,mail.ruthgreenrtg.live,
domain_1270,mail.deangelomcnay.news,
domain_1271,cpcalendars.deangelomcnay.news,
domain_1272,mail.nicholasuhl.website,
domain_1273,www.ceoseguros.com,盲眼鹰
domain_1274,hostmaster.ceoseguros.com,
domain_1275,ceoseguros.com,
domain_1276,defenderav.con-ip.com,
domain_1277,julian.linkpc.net,
domain_1278,therussian.polycomusa.com,
domain_1279,ajaxcoder.polycomusa.com,
domain_1280,smakaf1.polycomusa.com,
domain_1281,zvoracle.polycomusa.com,
domain_1282,mega.polycomusa.com,
domain_1283,polycomusa.com,
domain_1284,enero2022.con-ip.com,
domain_1285,host-rami.polycomusa.com,
domain_1286,sanctuary.polycomusa.com,
domain_1287,marzo72022.con-ip.com,
domain_1288,axu87794.polycomusa.com,
domain_1289,wins10.duckdns.org,
domain_1290,febenvi.duckdns.org,
domain_1291,yty0do.polycomusa.com,
domain_1292,sicariop.polycomusa.com,
domain_1293,hellmagers.polycomusa.com,
domain_1294,sainth.polycomusa.com,
domain_1295,giraffebear.polycomusa.com,
domain_1296,zhost.polycomusa.com,
domain_1297,jairoandresotalvarorend.linkpc.net,
domain_1298,mentes.publicvm.com,
domain_1299,publiquilla.linkpc.net,
domain_1300,javierandresparramojica09.duckdns.org,
domain_1301,www.pruebaremc.duckdns.org,
domain_1302,pruebaremc.duckdns.org,
domain_1303,cepeda.linkpc.net,
domain_1304,medicosco.publicvm.com,
domain_1305,ismaboli.com,
domain_1306,mail.diangovcomuiscia.com,
domain_1307,hostmaster.ismaboli.com,
domain_1308,diangovcomuiscia.com,
domain_1309,medicosempresa.com,
domain_1310,www.medicosempresa.com,
domain_1311,www.diangovcomuiscia.com,
domain_1312,www.ismaboli.com,
domain_1313,ceosas.linkpc.net,
domain_1314,www.ceoempresarialsas.com,
domain_1315,hostmaster.ceoempresarialsas.com,
domain_1316,ceoempresarialsas.com,
domain_1317,confe.linkpc.net,
domain_1318,dianmuiscaingreso.com,
domain_1319,mail.dianmuiscaingreso.com,
domain_1320,dianportalcomco.com,
domain_1321,baloto.mypsx.net,
domain_1322,ns1.googlmail.net,APT33
domain_1323,hostmaster.googlmail.net,
domain_1324,ww25.googlmail.net,
domain_1325,ww38.googlmail.net,
domain_1326,root.googlmail.net,
domain_1327,googlmail.net,
domain_1328,www.googlmail.net,
domain_1329,www.becomestateman.com,
domain_1330,ocsp-support.com,
domain_1331,autodiscover.ocsp-support.com,
domain_1332,mail.ocsp-support.com,
domain_1333,www.ocsp-support.com,
domain_1334,cpanel.ocsp-support.com,
domain_1335,webdisk.ocsp-support.com,
domain_1336,cpcontacts.ocsp-support.com,
domain_1337,cpcalendars.ocsp-support.com,
domain_1338,webmail.ocsp-support.com,
domain_1339,www.akadnsplugin.com,
domain_1340,akadnsplugin.com,
domain_1341,support-newyork.com,
domain_1342,www.support-newyork.com,
domain_1343,zeverco.com,
domain_1344,www.service-eset.com,
domain_1345,service-eset.com,
domain_1346,www.publicsecur.com,
domain_1347,publicsecur.com,
domain_1348,service-houston.com,
domain_1349,www.service-houston.com,
domain_1350,relaxingsports.com,
domain_1351,microsoft-support.servehttp.com,
domain_1352,mail2.rosyblue.co.th,
domain_1353,mail.rosyblue.co.th,
domain_1354,www.rosyblue.co.th,
domain_1355,rosyblue.co.th,
domain_1356,www.chromup.com,
domain_1357,chromup.com,
domain_1358,www.dailystudy.org,
domain_1359,mail.dailystudy.org,
domain_1360,dailystudy.org,
domain_1361,ngaaksa.ga,
domain_1362,saharapcc.ddns.net,
domain_1363,backupnet.ddns.net,
domain_1364,newhost.hopto.org,
domain_1365,phpencryptssl.com,
domain_1366,backupaccount.net,
domain_1367,smtpsync.com,
domain_1368,googlechromehost.ddns.net,
domain_1369,www.osupd.com,
domain_1370,mail.qualitweb.com,
domain_1371,www.qualitweb.com,
